<?xml version="1.0" encoding="UTF-8" standalone="yes"?>
<Properties xmlns="http://schemas.openxmlformats.org/officeDocument/2006/extended-properties" xmlns:vt="http://schemas.openxmlformats.org/officeDocument/2006/docPropsVTypes"><Template>Normal.dotm</Template><TotalTime>0</TotalTime><Pages>1</Pages><Words>161</Words><Characters>1693</Characters><Application>Microsoft Office Word</Application><DocSecurity>0</DocSecurity><Lines>14</Lines><Paragraphs>3</Paragraphs><ScaleCrop>false</ScaleCrop><HeadingPairs><vt:vector size="2" baseType="variant"><vt:variant><vt:lpstr>Titel</vt:lpstr></vt:variant><vt:variant><vt:i4>1</vt:i4></vt:variant></vt:vector></HeadingPairs><TitlesOfParts><vt:vector size="1" baseType="lpstr"><vt:lpstr>ALKIS-Fortführungsbeleg</vt:lpstr></vt:vector></TitlesOfParts><Company>MI</Company><LinksUpToDate>false</LinksUpToDate><CharactersWithSpaces>1851</CharactersWithSpaces><SharedDoc>false</SharedDoc><HyperlinksChanged>false</HyperlinksChanged><AppVersion>16.0000</AppVersion></Properties>