<?xml version="1.0" encoding="UTF-8" standalone="yes"?>
<cp:coreProperties xmlns:cp="http://schemas.openxmlformats.org/package/2006/metadata/core-properties" xmlns:dc="http://purl.org/dc/elements/1.1/" xmlns:dcterms="http://purl.org/dc/terms/" xmlns:dcmitype="http://purl.org/dc/dcmitype/" xmlns:xsi="http://www.w3.org/2001/XMLSchema-instance"><dc:title>ALKIS-Fortführungsbeleg</dc:title><dc:subject></dc:subject><dc:creator>Masur</dc:creator><cp:keywords></cp:keywords><cp:lastModifiedBy>Felix Schütt</cp:lastModifiedBy><cp:revision>3</cp:revision><cp:lastPrinted>2021-04-20T11:43:00Z</cp:lastPrinted><dcterms:created xsi:type="dcterms:W3CDTF">2024-09-19T07:41:00Z</dcterms:created><dcterms:modified xsi:type="dcterms:W3CDTF">2024-09-19T07:42:00Z</dcterms:modified></cp:coreProperties>