<?xml version="1.0" encoding="UTF-8" standalone="yes"?>
<Properties xmlns="http://schemas.openxmlformats.org/officeDocument/2006/extended-properties"
    xmlns:vt="http://schemas.openxmlformats.org/officeDocument/2006/docPropsVTypes">
    <TotalTime>0</TotalTime>
    <Application>Microsoft Excel</Application>
    <DocSecurity>0</DocSecurity>
    <ScaleCrop>false</ScaleCrop>
    <HeadingPairs>
        <vt:vector size="4" baseType="variant">
            <vt:variant>
                <vt:lpstr>Arbeitsblätter</vt:lpstr>
            </vt:variant>
            <vt:variant>
                <vt:i4>1</vt:i4>
            </vt:variant>
            <vt:variant>
                <vt:lpstr>Benannte Bereiche</vt:lpstr>
            </vt:variant>
            <vt:variant>
                <vt:i4>2</vt:i4>
            </vt:variant>
        </vt:vector>
    </HeadingPairs>
    <TitlesOfParts>
        <vt:vector size="3" baseType="lpstr">
            <vt:lpstr>Tabelle1</vt:lpstr>
            <vt:lpstr>Tabelle1!Druckbereich</vt:lpstr>
            <vt:lpstr>Tabelle1!Drucktitel</vt:lpstr>
        </vt:vector>
    </TitlesOfParts>
    <Company>Landkreis Uckermark</Company>
    <LinksUpToDate>false</LinksUpToDate>
    <SharedDoc>false</SharedDoc>
    <HyperlinksChanged>false</HyperlinksChanged>
    <AppVersion>16.0300</AppVersion>
</Properties>