<?xml version="1.0" encoding="UTF-8" standalone="yes"?>
<cp:coreProperties xmlns:cp="http://schemas.openxmlformats.org/package/2006/metadata/core-properties" xmlns:dc="http://purl.org/dc/elements/1.1/" xmlns:dcterms="http://purl.org/dc/terms/" xmlns:dcmitype="http://purl.org/dc/dcmitype/" xmlns:xsi="http://www.w3.org/2001/XMLSchema-instance"><dc:creator>Herr Mürsel Kahraman</dc:creator><cp:lastModifiedBy>Felix Schütt</cp:lastModifiedBy><cp:lastPrinted>2024-09-18T10:51:27Z</cp:lastPrinted><dcterms:created xsi:type="dcterms:W3CDTF">2020-04-03T11:01:44Z</dcterms:created><dcterms:modified xsi:type="dcterms:W3CDTF">2024-09-19T07:53:18Z</dcterms:modified></cp:coreProperties>