<?xml version="1.0" encoding="UTF-8" standalone="yes"?>
<xdr:wsDr xmlns:xdr="http://schemas.openxmlformats.org/drawingml/2006/spreadsheetDrawing"
    xmlns:a="http://schemas.openxmlformats.org/drawingml/2006/main">
    <xdr:twoCellAnchor editAs="oneCell">
        <xdr:from>
            <xdr:col>1</xdr:col>
            <xdr:colOff>0</xdr:colOff>
            <xdr:row>5</xdr:row>
            <xdr:rowOff>0</xdr:rowOff>
        </xdr:from>
        <xdr:to>
            <xdr:col>1</xdr:col>
            <xdr:colOff>9525</xdr:colOff>
            <xdr:row>5</xdr:row>
            <xdr:rowOff>9525</xdr:rowOff>
        </xdr:to>
        <xdr:pic>
            <xdr:nvPicPr>
                <xdr:cNvPr id="3" name="Grafik 2" descr="https://lika.geobasis-bb.de/lika/js/dojo/dojo/resources/blank.gif"/>
                <xdr:cNvPicPr>
                    <a:picLocks noChangeAspect="1" noChangeArrowheads="1"/>
                </xdr:cNvPicPr>
            </xdr:nvPicPr>
            <xdr:blipFill>
                <a:blip xmlns:r="http://schemas.openxmlformats.org/officeDocument/2006/relationships" r:embed="rId1">
                    <a:extLst>
                        <a:ext uri="{28A0092B-C50C-407E-A947-70E740481C1C}">
                            <a14:useLocalDpi xmlns:a14="http://schemas.microsoft.com/office/drawing/2010/main" val="0"/>
                        </a:ext>
                    </a:extLst>
                </a:blip>
                <a:srcRect/>
                <a:stretch>
                    <a:fillRect/>
                </a:stretch>
            </xdr:blipFill>
            <xdr:spPr bwMode="auto">
                <a:xfrm>
                    <a:off x="2057400" y="1219200"/>
                    <a:ext cx="9525" cy="9525"/>
                </a:xfrm>
                <a:prstGeom prst="rect">
                    <a:avLst/>
                </a:prstGeom>
                <a:noFill/>
                <a:extLst>
                    <a:ext uri="{909E8E84-426E-40DD-AFC4-6F175D3DCCD1}">
                        <a14:hiddenFill xmlns:a14="http://schemas.microsoft.com/office/drawing/2010/main">
                            <a:solidFill>
                                <a:srgbClr val="FFFFFF"/>
                            </a:solidFill>
                        </a14:hiddenFill>
                    </a:ext>
                </a:extLst>
            </xdr:spPr>
        </xdr:pic>
        <xdr:clientData/>
    </xdr:twoCellAnchor>
    <xdr:oneCellAnchor>
        <xdr:from>
            <xdr:col>1</xdr:col>
            <xdr:colOff>0</xdr:colOff>
            <xdr:row>6</xdr:row>
            <xdr:rowOff>0</xdr:rowOff>
        </xdr:from>
        <xdr:ext cx="9525" cy="9525"/>
        <xdr:pic>
            <xdr:nvPicPr>
                <xdr:cNvPr id="4" name="Grafik 3" descr="https://lika.geobasis-bb.de/lika/js/dojo/dojo/resources/blank.gif"/>
                <xdr:cNvPicPr>
                    <a:picLocks noChangeAspect="1" noChangeArrowheads="1"/>
                </xdr:cNvPicPr>
            </xdr:nvPicPr>
            <xdr:blipFill>
                <a:blip xmlns:r="http://schemas.openxmlformats.org/officeDocument/2006/relationships" r:embed="rId1">
                    <a:extLst>
                        <a:ext uri="{28A0092B-C50C-407E-A947-70E740481C1C}">
                            <a14:useLocalDpi xmlns:a14="http://schemas.microsoft.com/office/drawing/2010/main" val="0"/>
                        </a:ext>
                    </a:extLst>
                </a:blip>
                <a:srcRect/>
                <a:stretch>
                    <a:fillRect/>
                </a:stretch>
            </xdr:blipFill>
            <xdr:spPr bwMode="auto">
                <a:xfrm>
                    <a:off x="1600200" y="1171575"/>
                    <a:ext cx="9525" cy="9525"/>
                </a:xfrm>
                <a:prstGeom prst="rect">
                    <a:avLst/>
                </a:prstGeom>
                <a:noFill/>
                <a:extLst>
                    <a:ext uri="{909E8E84-426E-40DD-AFC4-6F175D3DCCD1}">
                        <a14:hiddenFill xmlns:a14="http://schemas.microsoft.com/office/drawing/2010/main">
                            <a:solidFill>
                                <a:srgbClr val="FFFFFF"/>
                            </a:solidFill>
                        </a14:hiddenFill>
                    </a:ext>
                </a:extLst>
            </xdr:spPr>
        </xdr:pic>
        <xdr:clientData/>
    </xdr:oneCellAnchor>
</xdr:wsDr>