<?xml version="1.0" encoding="UTF-8" standalone="yes"?>
<worksheet xmlns="http://schemas.openxmlformats.org/spreadsheetml/2006/main" xmlns:r="http://schemas.openxmlformats.org/officeDocument/2006/relationships" xmlns:mc="http://schemas.openxmlformats.org/markup-compatibility/2006" mc:Ignorable="x14ac" xmlns:x14ac="http://schemas.microsoft.com/office/spreadsheetml/2009/9/ac"><sheetPr><pageSetUpPr fitToPage="1"/></sheetPr><dimension ref="A1:CP7"/><sheetViews><sheetView tabSelected="1" zoomScaleNormal="100" zoomScaleSheetLayoutView="70" workbookViewId="0"><pane xSplit="1" ySplit="4" topLeftCell="B5" activePane="bottomRight" state="frozen"/><selection pane="topRight" activeCell="B1" sqref="B1"/><selection pane="bottomLeft" activeCell="A5" sqref="A5"/><selection pane="bottomRight" activeCell="B7" sqref="B7"/></sheetView></sheetViews><sheetFormatPr baseColWidth="10" defaultRowHeight="15" x14ac:dyDescent="0.25"/><cols><col min="1" max="1" width="24" style="2" customWidth="1"/><col min="2" max="2" width="54.140625" style="11" customWidth="1"/><col min="3" max="3" width="50.5703125" style="11" bestFit="1" customWidth="1"/><col min="4" max="4" width="102.28515625" style="11" customWidth="1"/><col min="5" max="5" width="43.7109375" style="3" customWidth="1"/><col min="6" max="6" width="8.85546875" style="3" customWidth="1"/><col min="7" max="7" width="24.28515625" style="3" customWidth="1"/><col min="8" max="94" width="11.42578125" style="4"/><col min="95" max="16384" width="11.42578125" style="3"/></cols><sheetData><row r="1" spans="1:7" s="4" customFormat="1" ht="31.5" x14ac:dyDescent="0.35"><c r="A1" s="5" t="s"><v>6</v></c><c r="B1" s="8" t="s"><v>11</v></c><c r="C1" s="9"/><c r="D1" s="9"/><c r="E1" s="6"/><c r="F1" s="6"/><c r="G1" s="6"/></row><row r="2" spans="1:7" s="4" customFormat="1" x14ac:dyDescent="0.25"><c r="A2" s="7" t="s"><v>7</v></c><c r="B2" s="9"/><c r="C2" s="9"/><c r="D2" s="9"/><c r="E2" s="6"/><c r="F2" s="6"/><c r="G2" s="6"/></row><row r="4" spans="1:7" ht="15.75" x14ac:dyDescent="0.25"><c r="A4" s="1" t="s"><v>8</v></c><c r="B4" s="10" t="s"><v>0</v></c><c r="C4" s="10" t="s"><v>1</v></c><c r="D4" s="10" t="s"><v>5</v></c><c r="E4" s="1" t="s"><v>4</v></c><c r="F4" s="1" t="s"><v>2</v></c><c r="G4" s="1" t="s"><v>3</v></c></row><row r="5" spans="1:7" x14ac:dyDescent="0.25"><c r="A5" s="13" t="s"><v>9</v></c><c r="B5" s="13" t="s"><v>12</v></c><c r="C5" s="13" t="s"><v>14</v></c><c r="D5" s="13" t="s"><v>16</v></c><c r="E5" s="19"/><c r="F5" s="19"/><c r="G5" s="19"/></row><row r="6" spans="1:7" s="18" customFormat="1" x14ac:dyDescent="0.25"><c r="A6" s="17" t="s"><v>10</v></c><c r="B6" s="17" t="s"><v>13</v></c><c r="C6" s="17" t="s"><v>15</v></c><c r="D6" s="17" t="s"><v>17</v></c><c r="E6" s="12"/><c r="F6" s="12"/><c r="G6" s="12"/></row><row r="7" spans="1:7" s="16" customFormat="1" x14ac:dyDescent="0.25"><c r="A7" s="14" t="s"><v>18</v></c><c r="B7" s="14" t="s"><v>19</v></c><c r="C7" s="14" t="s"><v>20</v></c><c r="D7" s="14" t="s"><v>21</v></c><c r="E7" s="15"/><c r="F7" s="15"/><c r="G7" s="15"/></row></sheetData><autoFilter ref="A4:G7"/><conditionalFormatting sqref="A1:XFD1048576"><cfRule type="containsText" dxfId="1" priority="1" operator="containsText" text="keine Bena"><formula>NOT(ISERROR(SEARCH("keine Bena",A1)))</formula></cfRule><cfRule type="containsText" dxfId="0" priority="2" operator="containsText" text="mit Bena"><formula>NOT(ISERROR(SEARCH("mit Bena",A1)))</formula></cfRule></conditionalFormatting><pageMargins left="0.70866141732283472" right="0.70866141732283472" top="0.78740157480314965" bottom="0.78740157480314965" header="0.31496062992125984" footer="0.31496062992125984"/><pageSetup paperSize="8" scale="62" fitToHeight="0" orientation="landscape" r:id="rId1"/><headerFooter><oddFooter>&amp;RSeite &amp;P</oddFooter></headerFooter><drawing r:id="rId2"/></worksheet>