<?xml version="1.0" encoding="UTF-8" standalone="yes"?>
<w:document xmlns:wpc="http://schemas.microsoft.com/office/word/2010/wordprocessingCanvas" xmlns:cx="http://schemas.microsoft.com/office/drawing/2014/chartex" xmlns:mc="http://schemas.openxmlformats.org/markup-compatibility/2006" xmlns:o="urn:schemas-microsoft-com:office:office" xmlns:r="http://schemas.openxmlformats.org/officeDocument/2006/relationships" xmlns:m="http://schemas.openxmlformats.org/officeDocument/2006/math" xmlns:v="urn:schemas-microsoft-com:vml" xmlns:wp14="http://schemas.microsoft.com/office/word/2010/wordprocessingDrawing" xmlns:wp="http://schemas.openxmlformats.org/drawingml/2006/wordprocessingDrawing" xmlns:w10="urn:schemas-microsoft-com:office:word" xmlns:w="http://schemas.openxmlformats.org/wordprocessingml/2006/main" xmlns:w14="http://schemas.microsoft.com/office/word/2010/wordml" xmlns:w15="http://schemas.microsoft.com/office/word/2012/wordml" xmlns:w16se="http://schemas.microsoft.com/office/word/2015/wordml/symex" xmlns:wpg="http://schemas.microsoft.com/office/word/2010/wordprocessingGroup" xmlns:wpi="http://schemas.microsoft.com/office/word/2010/wordprocessingInk" xmlns:wne="http://schemas.microsoft.com/office/word/2006/wordml" xmlns:wps="http://schemas.microsoft.com/office/word/2010/wordprocessingShape" mc:Ignorable="w14 w15 w16se wp14"><w:body><w:p w:rsidR="00920208" w:rsidRDefault="00C22C79" w:rsidP="00172D19"><w:pPr><w:tabs><w:tab w:val="right" w:pos="9498"/></w:tabs></w:pPr><w:r><w:rPr><w:rFonts w:ascii="Arial Narrow" w:hAnsi="Arial Narrow"/></w:rPr><w:t>ALKIS</w:t></w:r><w:r w:rsidR="00172D19" w:rsidRPr="00172D19"><w:rPr><w:rFonts w:ascii="Arial Narrow" w:hAnsi="Arial Narrow"/><w:vertAlign w:val="superscript"/></w:rPr><w:t>®</w:t></w:r><w:r w:rsidR="00123CB7"><w:rPr><w:rFonts w:ascii="Arial Narrow" w:hAnsi="Arial Narrow"/></w:rPr><w:t>-Richtlinien</w:t></w:r><w:r w:rsidR="00172D19"><w:rPr><w:rFonts w:ascii="Arial Narrow" w:hAnsi="Arial Narrow"/></w:rPr><w:t xml:space="preserve"> Brandenburg</w:t></w:r><w:r w:rsidR="00123D7F"><w:rPr><w:rFonts w:ascii="Arial Narrow" w:hAnsi="Arial Narrow"/></w:rPr><w:tab/></w:r><w:r><w:rPr><w:rFonts w:ascii="Arial Narrow" w:hAnsi="Arial Narrow"/></w:rPr><w:t>Anlage</w:t></w:r></w:p><w:p w:rsidR="00920208" w:rsidRDefault="00920208"/><w:tbl><w:tblPr><w:tblW w:w="0" w:type="auto"/><w:tblLayout w:type="fixed"/><w:tblCellMar><w:left w:w="70" w:type="dxa"/><w:right w:w="70" w:type="dxa"/></w:tblCellMar><w:tblLook w:val="0000" w:firstRow="0" w:lastRow="0" w:firstColumn="0" w:lastColumn="0" w:noHBand="0" w:noVBand="0"/></w:tblPr><w:tblGrid><w:gridCol w:w="1418"/><w:gridCol w:w="6590"/></w:tblGrid><w:tr w:rsidR="0083088E" w:rsidRPr="00390ED8" w:rsidTr="00130562"><w:tblPrEx><w:tblCellMar><w:top w:w="0" w:type="dxa"/><w:bottom w:w="0" w:type="dxa"/></w:tblCellMar></w:tblPrEx><w:trPr><w:trHeight w:val="460"/></w:trPr><w:tc><w:tcPr><w:tcW w:w="1418" w:type="dxa"/><w:shd w:val="clear" w:color="auto" w:fill="auto"/></w:tcPr><w:p w:rsidR="0083088E" w:rsidRPr="00390ED8" w:rsidRDefault="0083088E"><w:pPr><w:rPr><w:rFonts w:ascii="Arial Narrow" w:hAnsi="Arial Narrow"/><w:sz w:val="24"/></w:rPr></w:pPr></w:p></w:tc><w:tc><w:tcPr><w:tcW w:w="6590" w:type="dxa"/><w:shd w:val="clear" w:color="auto" w:fill="D9D9D9"/><w:vAlign w:val="center"/></w:tcPr><w:p w:rsidR="0083088E" w:rsidRPr="00390ED8" w:rsidRDefault="0083088E" w:rsidP="005672C4"><w:pPr><w:rPr><w:rFonts w:ascii="Arial Narrow" w:hAnsi="Arial Narrow"/><w:b/><w:sz w:val="22"/></w:rPr></w:pPr><w:r w:rsidRPr="00390ED8"><w:rPr><w:rFonts w:ascii="Arial Narrow" w:hAnsi="Arial Narrow"/><w:b/><w:sz w:val="22"/></w:rPr><w:t>grau hinterlegte Felder werden durch d</w:t></w:r><w:r w:rsidR="005672C4" w:rsidRPr="00390ED8"><w:rPr><w:rFonts w:ascii="Arial Narrow" w:hAnsi="Arial Narrow"/><w:b/><w:sz w:val="22"/></w:rPr><w:t xml:space="preserve">ie Katasterbehörde </w:t></w:r><w:r w:rsidRPr="00390ED8"><w:rPr><w:rFonts w:ascii="Arial Narrow" w:hAnsi="Arial Narrow"/><w:b/><w:sz w:val="22"/></w:rPr><w:t>ergänzt</w:t></w:r></w:p></w:tc></w:tr></w:tbl><w:p w:rsidR="0083088E" w:rsidRPr="00390ED8" w:rsidRDefault="0083088E"><w:pPr><w:rPr><w:rFonts w:ascii="Arial Narrow" w:hAnsi="Arial Narrow"/></w:rPr></w:pPr></w:p><w:tbl><w:tblPr><w:tblW w:w="9568" w:type="dxa"/><w:tblLayout w:type="fixed"/><w:tblCellMar><w:left w:w="70" w:type="dxa"/><w:right w:w="70" w:type="dxa"/></w:tblCellMar><w:tblLook w:val="0000" w:firstRow="0" w:lastRow="0" w:firstColumn="0" w:lastColumn="0" w:noHBand="0" w:noVBand="0"/></w:tblPr><w:tblGrid><w:gridCol w:w="1063"/><w:gridCol w:w="2409"/><w:gridCol w:w="213"/><w:gridCol w:w="1063"/><w:gridCol w:w="2268"/><w:gridCol w:w="15"/><w:gridCol w:w="2537"/></w:tblGrid><w:tr w:rsidR="0083088E" w:rsidRPr="00390ED8" w:rsidTr="00130562"><w:tblPrEx><w:tblCellMar><w:top w:w="0" w:type="dxa"/><w:bottom w:w="0" w:type="dxa"/></w:tblCellMar></w:tblPrEx><w:tc><w:tcPr><w:tcW w:w="4748" w:type="dxa"/><w:gridSpan w:val="4"/></w:tcPr><w:p w:rsidR="0083088E" w:rsidRPr="00390ED8" w:rsidRDefault="0083088E" w:rsidP="00417025"><w:pPr><w:rPr><w:rFonts w:ascii="Arial Narrow" w:hAnsi="Arial Narrow"/></w:rPr></w:pPr><w:r w:rsidRPr="00390ED8"><w:rPr><w:rFonts w:ascii="Arial Narrow" w:hAnsi="Arial Narrow"/></w:rPr><w:t>Kataster</w:t></w:r><w:r w:rsidR="00417025" w:rsidRPr="00390ED8"><w:rPr><w:rFonts w:ascii="Arial Narrow" w:hAnsi="Arial Narrow"/></w:rPr><w:t>behörde</w:t></w:r><w:r w:rsidRPr="00390ED8"><w:rPr><w:rFonts w:ascii="Arial Narrow" w:hAnsi="Arial Narrow"/></w:rPr><w:t xml:space="preserve"> </w:t></w:r><w:r w:rsidR="00741B79"><w:rPr><w:rFonts w:ascii="Arial Narrow" w:hAnsi="Arial Narrow"/></w:rPr><w:t xml:space="preserve">des Landkreises / </w:t></w:r><w:r w:rsidR="00741B79" w:rsidRPr="00612A8C"><w:rPr><w:rFonts w:ascii="Arial Narrow" w:hAnsi="Arial Narrow"/><w:strike/></w:rPr><w:t>der kreisfreien Stadt</w:t></w:r></w:p></w:tc><w:tc><w:tcPr><w:tcW w:w="4820" w:type="dxa"/><w:gridSpan w:val="3"/><w:tcBorders><w:bottom w:val="single" w:sz="6" w:space="0" w:color="auto"/></w:tcBorders></w:tcPr><w:p w:rsidR="0083088E" w:rsidRPr="001D5449" w:rsidRDefault="001D5449"><w:pPr><w:spacing w:line="240" w:lineRule="exact"/><w:ind w:firstLine="284"/><w:rPr><w:rFonts w:ascii="Arial Narrow" w:hAnsi="Arial Narrow"/><w:b/><w:sz w:val="22"/></w:rPr></w:pPr><w:r w:rsidRPr="001D5449"><w:rPr><w:rFonts w:ascii="Arial Narrow" w:hAnsi="Arial Narrow"/><w:b/><w:sz w:val="22"/></w:rPr><w:t>Uckermark</w:t></w:r></w:p></w:tc></w:tr><w:tr w:rsidR="0083088E" w:rsidRPr="00390ED8" w:rsidTr="00130562"><w:tblPrEx><w:tblCellMar><w:top w:w="0" w:type="dxa"/><w:bottom w:w="0" w:type="dxa"/></w:tblCellMar></w:tblPrEx><w:trPr><w:cantSplit/><w:trHeight w:val="40"/></w:trPr><w:tc><w:tcPr><w:tcW w:w="1063" w:type="dxa"/><w:shd w:val="clear" w:color="auto" w:fill="FFFFFF"/></w:tcPr><w:p w:rsidR="0083088E" w:rsidRPr="00390ED8" w:rsidRDefault="0083088E"><w:pPr><w:spacing w:line="80" w:lineRule="exact"/><w:rPr><w:rFonts w:ascii="Arial Narrow" w:hAnsi="Arial Narrow"/></w:rPr></w:pPr></w:p></w:tc><w:tc><w:tcPr><w:tcW w:w="2622" w:type="dxa"/><w:gridSpan w:val="2"/><w:shd w:val="clear" w:color="auto" w:fill="FFFFFF"/></w:tcPr><w:p w:rsidR="0083088E" w:rsidRPr="00390ED8" w:rsidRDefault="0083088E"><w:pPr><w:spacing w:line="80" w:lineRule="exact"/><w:rPr><w:rFonts w:ascii="Arial Narrow" w:hAnsi="Arial Narrow"/></w:rPr></w:pPr></w:p></w:tc><w:tc><w:tcPr><w:tcW w:w="1063" w:type="dxa"/><w:shd w:val="clear" w:color="auto" w:fill="FFFFFF"/></w:tcPr><w:p w:rsidR="0083088E" w:rsidRPr="00390ED8" w:rsidRDefault="0083088E"><w:pPr><w:spacing w:line="80" w:lineRule="exact"/><w:rPr><w:rFonts w:ascii="Arial Narrow" w:hAnsi="Arial Narrow"/></w:rPr></w:pPr></w:p></w:tc><w:tc><w:tcPr><w:tcW w:w="2283" w:type="dxa"/><w:gridSpan w:val="2"/><w:shd w:val="clear" w:color="auto" w:fill="FFFFFF"/></w:tcPr><w:p w:rsidR="0083088E" w:rsidRPr="00390ED8" w:rsidRDefault="0083088E"><w:pPr><w:spacing w:line="80" w:lineRule="exact"/><w:ind w:left="-45" w:right="-57"/><w:rPr><w:rFonts w:ascii="Arial Narrow" w:hAnsi="Arial Narrow"/></w:rPr></w:pPr></w:p></w:tc><w:tc><w:tcPr><w:tcW w:w="2537" w:type="dxa"/><w:shd w:val="clear" w:color="auto" w:fill="FFFFFF"/></w:tcPr><w:p w:rsidR="0083088E" w:rsidRPr="00390ED8" w:rsidRDefault="0083088E"><w:pPr><w:spacing w:line="80" w:lineRule="exact"/><w:rPr><w:rFonts w:ascii="Arial Narrow" w:hAnsi="Arial Narrow"/></w:rPr></w:pPr></w:p></w:tc></w:tr><w:tr w:rsidR="0083088E" w:rsidRPr="00305796" w:rsidTr="006504AC"><w:tblPrEx><w:tblCellMar><w:top w:w="0" w:type="dxa"/><w:bottom w:w="0" w:type="dxa"/></w:tblCellMar></w:tblPrEx><w:trPr><w:cantSplit/><w:trHeight w:hRule="exact" w:val="397"/></w:trPr><w:tc><w:tcPr><w:tcW w:w="1063" w:type="dxa"/></w:tcPr><w:p w:rsidR="0083088E" w:rsidRPr="00305796" w:rsidRDefault="00417025"><w:pPr><w:spacing w:line="400" w:lineRule="exact"/><w:ind w:right="-57"/><w:rPr><w:rFonts w:ascii="Arial Narrow" w:hAnsi="Arial Narrow"/></w:rPr></w:pPr><w:r w:rsidRPr="00305796"><w:rPr><w:rFonts w:ascii="Arial Narrow" w:hAnsi="Arial Narrow"/></w:rPr><w:t>Gemeinde</w:t></w:r></w:p></w:tc><w:tc><w:tcPr><w:tcW w:w="2409" w:type="dxa"/></w:tcPr><w:p w:rsidR="0083088E" w:rsidRPr="00A43B8F" w:rsidRDefault="009A3F03"><w:pPr><w:spacing w:line="380" w:lineRule="exact"/><w:ind w:right="-57" w:firstLine="57"/><w:rPr><w:rFonts w:ascii="Arial Narrow" w:hAnsi="Arial Narrow"/></w:rPr></w:pPr><w:r><w:rPr><w:rFonts w:ascii="Arial Narrow" w:hAnsi="Arial Narrow"/></w:rPr><w:t>GEMEINDENAME</w:t></w:r></w:p></w:tc><w:tc><w:tcPr><w:tcW w:w="1276" w:type="dxa"/><w:gridSpan w:val="2"/></w:tcPr><w:p w:rsidR="0083088E" w:rsidRPr="00A43B8F" w:rsidRDefault="0083088E"><w:pPr><w:spacing w:line="400" w:lineRule="exact"/><w:ind w:right="-57"/><w:rPr><w:rFonts w:ascii="Arial Narrow" w:hAnsi="Arial Narrow"/></w:rPr></w:pPr></w:p></w:tc><w:tc><w:tcPr><w:tcW w:w="2268" w:type="dxa"/><w:shd w:val="clear" w:color="auto" w:fill="D9D9D9"/><w:vAlign w:val="center"/></w:tcPr><w:p w:rsidR="0083088E" w:rsidRPr="00A43B8F" w:rsidRDefault="0083088E"><w:pPr><w:spacing w:line="400" w:lineRule="exact"/><w:ind w:right="-57"/><w:rPr><w:rFonts w:ascii="Arial Narrow" w:hAnsi="Arial Narrow"/></w:rPr></w:pPr><w:r w:rsidRPr="00A43B8F"><w:rPr><w:rFonts w:ascii="Arial Narrow" w:hAnsi="Arial Narrow"/></w:rPr><w:t>Jahrgang</w:t></w:r></w:p></w:tc><w:tc><w:tcPr><w:tcW w:w="2552" w:type="dxa"/><w:gridSpan w:val="2"/><w:shd w:val="clear" w:color="auto" w:fill="D9D9D9"/><w:vAlign w:val="center"/></w:tcPr><w:p w:rsidR="0083088E" w:rsidRPr="00A43B8F" w:rsidRDefault="00577F62" w:rsidP="009516B1"><w:pPr><w:spacing w:line="400" w:lineRule="exact"/><w:ind w:right="-57"/><w:rPr><w:rFonts w:ascii="Arial Narrow" w:hAnsi="Arial Narrow" w:cs="Arial"/></w:rPr></w:pPr><w:r><w:rPr><w:rFonts w:ascii="Arial Narrow" w:hAnsi="Arial Narrow" w:cs="Arial"/></w:rPr><w:t>2024</w:t></w:r></w:p></w:tc></w:tr><w:tr w:rsidR="006504AC" w:rsidRPr="00305796" w:rsidTr="006504AC"><w:tblPrEx><w:tblCellMar><w:top w:w="0" w:type="dxa"/><w:bottom w:w="0" w:type="dxa"/></w:tblCellMar></w:tblPrEx><w:trPr><w:cantSplit/><w:trHeight w:hRule="exact" w:val="397"/></w:trPr><w:tc><w:tcPr><w:tcW w:w="1063" w:type="dxa"/><w:vAlign w:val="center"/></w:tcPr><w:p w:rsidR="006504AC" w:rsidRPr="00305796" w:rsidRDefault="006504AC" w:rsidP="00DB091A"><w:pPr><w:spacing w:line="400" w:lineRule="exact"/><w:ind w:right="-57"/><w:rPr><w:rFonts w:ascii="Arial Narrow" w:hAnsi="Arial Narrow"/></w:rPr></w:pPr><w:r w:rsidRPr="00305796"><w:rPr><w:rFonts w:ascii="Arial Narrow" w:hAnsi="Arial Narrow"/></w:rPr><w:t>Gemarkung</w:t></w:r></w:p></w:tc><w:tc><w:tcPr><w:tcW w:w="2409" w:type="dxa"/><w:tcBorders><w:top w:val="single" w:sz="4" w:space="0" w:color="auto"/><w:bottom w:val="single" w:sz="4" w:space="0" w:color="auto"/></w:tcBorders></w:tcPr><w:p w:rsidR="006504AC" w:rsidRPr="00A43B8F" w:rsidRDefault="009A3F03" w:rsidP="009A3F03"><w:pPr><w:spacing w:line="380" w:lineRule="exact"/><w:ind w:right="-57" w:firstLine="57"/><w:rPr><w:rFonts w:ascii="Arial Narrow" w:hAnsi="Arial Narrow"/></w:rPr></w:pPr><w:r><w:rPr><w:rFonts w:ascii="Arial Narrow" w:hAnsi="Arial Narrow"/></w:rPr><w:t>GEMARKUNG</w:t></w:r><w:r w:rsidR="00E56A88" w:rsidRPr="00A43B8F"><w:rPr><w:rFonts w:ascii="Arial Narrow" w:hAnsi="Arial Narrow"/></w:rPr><w:t xml:space="preserve"> (</w:t></w:r><w:r><w:rPr><w:rFonts w:ascii="Arial Narrow" w:hAnsi="Arial Narrow"/></w:rPr><w:t>NUMMER</w:t></w:r><w:r w:rsidR="00E56A88" w:rsidRPr="00A43B8F"><w:rPr><w:rFonts w:ascii="Arial Narrow" w:hAnsi="Arial Narrow"/></w:rPr><w:t>)</w:t></w:r></w:p></w:tc><w:tc><w:tcPr><w:tcW w:w="1276" w:type="dxa"/><w:gridSpan w:val="2"/></w:tcPr><w:p w:rsidR="006504AC" w:rsidRPr="00A43B8F" w:rsidRDefault="006504AC"><w:pPr><w:spacing w:line="400" w:lineRule="exact"/><w:ind w:right="-57"/><w:rPr><w:rFonts w:ascii="Arial Narrow" w:hAnsi="Arial Narrow"/></w:rPr></w:pPr></w:p></w:tc><w:tc><w:tcPr><w:tcW w:w="2268" w:type="dxa"/><w:shd w:val="clear" w:color="auto" w:fill="D9D9D9"/><w:vAlign w:val="center"/></w:tcPr><w:p w:rsidR="006504AC" w:rsidRPr="00A43B8F" w:rsidRDefault="006504AC"><w:pPr><w:spacing w:line="400" w:lineRule="exact"/><w:ind w:right="-57"/><w:rPr><w:rFonts w:ascii="Arial Narrow" w:hAnsi="Arial Narrow"/></w:rPr></w:pPr><w:r w:rsidRPr="00A43B8F"><w:rPr><w:rFonts w:ascii="Arial Narrow" w:hAnsi="Arial Narrow"/></w:rPr><w:t>Fortführungsnachweisnr.:</w:t></w:r></w:p></w:tc><w:tc><w:tcPr><w:tcW w:w="2552" w:type="dxa"/><w:gridSpan w:val="2"/><w:tcBorders><w:bottom w:val="single" w:sz="6" w:space="0" w:color="auto"/></w:tcBorders><w:shd w:val="clear" w:color="auto" w:fill="D9D9D9"/><w:vAlign w:val="center"/></w:tcPr><w:p w:rsidR="006504AC" w:rsidRPr="00A43B8F" w:rsidRDefault="006504AC"><w:pPr><w:spacing w:line="300" w:lineRule="exact"/><w:rPr><w:rFonts w:ascii="Arial Narrow" w:hAnsi="Arial Narrow"/></w:rPr></w:pPr></w:p></w:tc></w:tr><w:tr w:rsidR="0083088E" w:rsidRPr="00305796" w:rsidTr="00130562"><w:tblPrEx><w:tblCellMar><w:top w:w="0" w:type="dxa"/><w:bottom w:w="0" w:type="dxa"/></w:tblCellMar></w:tblPrEx><w:trPr><w:cantSplit/><w:trHeight w:val="393"/></w:trPr><w:tc><w:tcPr><w:tcW w:w="1063" w:type="dxa"/></w:tcPr><w:p w:rsidR="0083088E" w:rsidRPr="00305796" w:rsidRDefault="0083088E"><w:pPr><w:spacing w:line="400" w:lineRule="exact"/><w:ind w:right="-57"/><w:rPr><w:rFonts w:ascii="Arial Narrow" w:hAnsi="Arial Narrow"/></w:rPr></w:pPr><w:r w:rsidRPr="00305796"><w:rPr><w:rFonts w:ascii="Arial Narrow" w:hAnsi="Arial Narrow"/></w:rPr><w:t>Flur</w:t></w:r></w:p></w:tc><w:tc><w:tcPr><w:tcW w:w="2409" w:type="dxa"/><w:tcBorders><w:bottom w:val="single" w:sz="6" w:space="0" w:color="auto"/></w:tcBorders></w:tcPr><w:p w:rsidR="0083088E" w:rsidRPr="00A43B8F" w:rsidRDefault="009A3F03"><w:pPr><w:spacing w:line="400" w:lineRule="exact"/><w:ind w:right="-57"/><w:rPr><w:rFonts w:ascii="Arial Narrow" w:hAnsi="Arial Narrow"/></w:rPr></w:pPr><w:r><w:rPr><w:rFonts w:ascii="Arial Narrow" w:hAnsi="Arial Narrow"/></w:rPr><w:t>FLUREN</w:t></w:r></w:p></w:tc><w:tc><w:tcPr><w:tcW w:w="1276" w:type="dxa"/><w:gridSpan w:val="2"/></w:tcPr><w:p w:rsidR="0083088E" w:rsidRPr="00A43B8F" w:rsidRDefault="0083088E"><w:pPr><w:spacing w:line="400" w:lineRule="exact"/><w:ind w:right="-57"/><w:rPr><w:rFonts w:ascii="Arial Narrow" w:hAnsi="Arial Narrow"/></w:rPr></w:pPr></w:p></w:tc><w:tc><w:tcPr><w:tcW w:w="2268" w:type="dxa"/><w:shd w:val="clear" w:color="auto" w:fill="D9D9D9"/><w:vAlign w:val="center"/></w:tcPr><w:p w:rsidR="0083088E" w:rsidRPr="00A43B8F" w:rsidRDefault="007A5772"><w:pPr><w:spacing w:line="400" w:lineRule="exact"/><w:ind w:right="-57"/><w:rPr><w:rFonts w:ascii="Arial Narrow" w:hAnsi="Arial Narrow"/></w:rPr></w:pPr><w:r w:rsidRPr="00A43B8F"><w:rPr><w:rFonts w:ascii="Arial Narrow" w:hAnsi="Arial Narrow"/></w:rPr><w:t>Geschäftsbucha</w:t></w:r><w:r w:rsidR="0083088E" w:rsidRPr="00A43B8F"><w:rPr><w:rFonts w:ascii="Arial Narrow" w:hAnsi="Arial Narrow"/></w:rPr><w:t>ntrags</w:t></w:r><w:r w:rsidRPr="00A43B8F"><w:rPr><w:rFonts w:ascii="Arial Narrow" w:hAnsi="Arial Narrow"/></w:rPr><w:t>nr</w:t></w:r><w:r w:rsidR="0083088E" w:rsidRPr="00A43B8F"><w:rPr><w:rFonts w:ascii="Arial Narrow" w:hAnsi="Arial Narrow"/></w:rPr><w:t>.:</w:t></w:r></w:p></w:tc><w:tc><w:tcPr><w:tcW w:w="2552" w:type="dxa"/><w:gridSpan w:val="2"/><w:tcBorders><w:bottom w:val="single" w:sz="6" w:space="0" w:color="auto"/></w:tcBorders><w:shd w:val="clear" w:color="auto" w:fill="D9D9D9"/><w:vAlign w:val="center"/></w:tcPr><w:p w:rsidR="0083088E" w:rsidRPr="00A43B8F" w:rsidRDefault="009A3F03" w:rsidP="00BC31ED"><w:pPr><w:spacing w:line="400" w:lineRule="exact"/><w:ind w:right="-57"/><w:rPr><w:rFonts w:ascii="Arial Narrow" w:hAnsi="Arial Narrow"/></w:rPr></w:pPr><w:r><w:rPr><w:rFonts w:ascii="Arial Narrow" w:hAnsi="Arial Narrow"/></w:rPr><w:t>ANTRAGSNUMMER</w:t></w:r></w:p></w:tc></w:tr><w:tr w:rsidR="0083088E" w:rsidRPr="00305796" w:rsidTr="007E3EAB"><w:tblPrEx><w:tblCellMar><w:top w:w="0" w:type="dxa"/><w:bottom w:w="0" w:type="dxa"/></w:tblCellMar></w:tblPrEx><w:trPr><w:cantSplit/><w:trHeight w:val="100"/></w:trPr><w:tc><w:tcPr><w:tcW w:w="1063" w:type="dxa"/></w:tcPr><w:p w:rsidR="0083088E" w:rsidRPr="00305796" w:rsidRDefault="0083088E" w:rsidP="007E3EAB"><w:pPr><w:spacing w:line="400" w:lineRule="exact"/><w:ind w:right="-57"/><w:rPr><w:rFonts w:ascii="Arial Narrow" w:hAnsi="Arial Narrow"/></w:rPr></w:pPr></w:p></w:tc><w:tc><w:tcPr><w:tcW w:w="2409" w:type="dxa"/><w:tcBorders><w:top w:val="single" w:sz="6" w:space="0" w:color="auto"/></w:tcBorders></w:tcPr><w:p w:rsidR="0083088E" w:rsidRPr="00A43B8F" w:rsidRDefault="0083088E" w:rsidP="007E3EAB"><w:pPr><w:spacing w:line="400" w:lineRule="exact"/><w:ind w:right="-57"/><w:rPr><w:rFonts w:ascii="Arial Narrow" w:hAnsi="Arial Narrow"/></w:rPr></w:pPr></w:p></w:tc><w:tc><w:tcPr><w:tcW w:w="1276" w:type="dxa"/><w:gridSpan w:val="2"/></w:tcPr><w:p w:rsidR="0083088E" w:rsidRPr="00A43B8F" w:rsidRDefault="0083088E" w:rsidP="007E3EAB"><w:pPr><w:spacing w:line="400" w:lineRule="exact"/><w:ind w:right="-57"/><w:rPr><w:rFonts w:ascii="Arial Narrow" w:hAnsi="Arial Narrow"/></w:rPr></w:pPr></w:p></w:tc><w:tc><w:tcPr><w:tcW w:w="2268" w:type="dxa"/><w:shd w:val="clear" w:color="auto" w:fill="D9D9D9"/></w:tcPr><w:p w:rsidR="0083088E" w:rsidRPr="00A43B8F" w:rsidRDefault="007E3EAB" w:rsidP="007E3EAB"><w:pPr><w:spacing w:line="400" w:lineRule="exact"/><w:ind w:right="-57"/><w:rPr><w:rFonts w:ascii="Arial Narrow" w:hAnsi="Arial Narrow"/></w:rPr></w:pPr><w:r w:rsidRPr="00A43B8F"><w:rPr><w:rFonts w:ascii="Arial Narrow" w:hAnsi="Arial Narrow"/></w:rPr><w:t>ALKIS</w:t></w:r><w:r w:rsidR="00172D19" w:rsidRPr="00A43B8F"><w:rPr><w:rFonts w:ascii="Arial Narrow" w:hAnsi="Arial Narrow"/><w:vertAlign w:val="superscript"/></w:rPr><w:t>®</w:t></w:r><w:r w:rsidRPr="00A43B8F"><w:rPr><w:rFonts w:ascii="Arial Narrow" w:hAnsi="Arial Narrow"/></w:rPr><w:t>-EQK-Antragsnr.:</w:t></w:r></w:p></w:tc><w:tc><w:tcPr><w:tcW w:w="2552" w:type="dxa"/><w:gridSpan w:val="2"/><w:tcBorders><w:bottom w:val="single" w:sz="4" w:space="0" w:color="auto"/></w:tcBorders><w:shd w:val="clear" w:color="auto" w:fill="D9D9D9"/></w:tcPr><w:p w:rsidR="0083088E" w:rsidRPr="00A43B8F" w:rsidRDefault="0083088E" w:rsidP="00944802"><w:pPr><w:spacing w:line="400" w:lineRule="exact"/><w:ind w:right="-57"/><w:rPr><w:rFonts w:ascii="Arial Narrow" w:hAnsi="Arial Narrow"/></w:rPr></w:pPr></w:p></w:tc></w:tr></w:tbl><w:p w:rsidR="0083088E" w:rsidRPr="00305796" w:rsidRDefault="0083088E"><w:pPr><w:rPr><w:rFonts w:ascii="Arial Narrow" w:hAnsi="Arial Narrow"/></w:rPr></w:pPr></w:p><w:p w:rsidR="0083088E" w:rsidRPr="00305796" w:rsidRDefault="0083088E"><w:pPr><w:pStyle w:val="berschrift1"/><w:rPr><w:rFonts w:ascii="Arial Narrow" w:hAnsi="Arial Narrow"/><w:sz w:val="32"/></w:rPr></w:pPr><w:r w:rsidRPr="00305796"><w:rPr><w:rFonts w:ascii="Arial Narrow" w:hAnsi="Arial Narrow"/><w:sz w:val="32"/></w:rPr><w:t>FORTFÜHRUNGSBELEG</w:t></w:r></w:p><w:p w:rsidR="0083088E" w:rsidRPr="00305796" w:rsidRDefault="0083088E"><w:pPr><w:rPr><w:rFonts w:ascii="Arial Narrow" w:hAnsi="Arial Narrow"/><w:sz w:val="18"/></w:rPr></w:pPr></w:p><w:p w:rsidR="0083088E" w:rsidRPr="00305796" w:rsidRDefault="0083088E"><w:pPr><w:rPr><w:rFonts w:ascii="Arial Narrow" w:hAnsi="Arial Narrow"/><w:sz w:val="18"/></w:rPr></w:pPr></w:p><w:tbl><w:tblPr><w:tblW w:w="9568" w:type="dxa"/><w:tblLayout w:type="fixed"/><w:tblCellMar><w:left w:w="70" w:type="dxa"/><w:right w:w="70" w:type="dxa"/></w:tblCellMar><w:tblLook w:val="0000" w:firstRow="0" w:lastRow="0" w:firstColumn="0" w:lastColumn="0" w:noHBand="0" w:noVBand="0"/></w:tblPr><w:tblGrid><w:gridCol w:w="1063"/><w:gridCol w:w="3685"/><w:gridCol w:w="882"/><w:gridCol w:w="1361"/><w:gridCol w:w="2577"/></w:tblGrid><w:tr w:rsidR="0083088E" w:rsidRPr="00305796" w:rsidTr="001E1CEF"><w:tblPrEx><w:tblCellMar><w:top w:w="0" w:type="dxa"/><w:bottom w:w="0" w:type="dxa"/></w:tblCellMar></w:tblPrEx><w:tc><w:tcPr><w:tcW w:w="1063" w:type="dxa"/></w:tcPr><w:p w:rsidR="0083088E" w:rsidRPr="00305796" w:rsidRDefault="0083088E"><w:pPr><w:spacing w:line="300" w:lineRule="exact"/><w:ind w:right="-57"/><w:rPr><w:rFonts w:ascii="Arial Narrow" w:hAnsi="Arial Narrow"/></w:rPr></w:pPr><w:r w:rsidRPr="00305796"><w:rPr><w:rFonts w:ascii="Arial Narrow" w:hAnsi="Arial Narrow"/></w:rPr><w:t>aufgestellt:</w:t></w:r></w:p></w:tc><w:tc><w:tcPr><w:tcW w:w="3685" w:type="dxa"/><w:tcBorders><w:bottom w:val="single" w:sz="6" w:space="0" w:color="auto"/></w:tcBorders></w:tcPr><w:p w:rsidR="0083088E" w:rsidRPr="00305796" w:rsidRDefault="00B12DDF" w:rsidP="001737B3"><w:pPr><w:rPr><w:rFonts w:ascii="Arial Narrow" w:hAnsi="Arial Narrow"/><w:sz w:val="24"/></w:rPr></w:pPr><w:r><w:rPr><w:rFonts w:ascii="Arial Narrow" w:hAnsi="Arial Narrow"/><w:sz w:val="24"/></w:rPr><w:t xml:space="preserve">                                      </w:t></w:r><w:r w:rsidR="002B36E7" w:rsidRPr="00305796"><w:rPr><w:rFonts w:ascii="Arial Narrow" w:hAnsi="Arial Narrow"/><w:sz w:val="24"/></w:rPr><w:t xml:space="preserve">KVA-Uckermark                          </w:t></w:r></w:p></w:tc><w:tc><w:tcPr><w:tcW w:w="882" w:type="dxa"/></w:tcPr><w:p w:rsidR="0083088E" w:rsidRPr="00305796" w:rsidRDefault="0083088E"><w:pPr><w:rPr><w:rFonts w:ascii="Arial Narrow" w:hAnsi="Arial Narrow"/><w:sz w:val="24"/></w:rPr></w:pPr></w:p></w:tc><w:tc><w:tcPr><w:tcW w:w="1361" w:type="dxa"/><w:shd w:val="pct10" w:color="000000" w:fill="FFFFFF"/></w:tcPr><w:p w:rsidR="0083088E" w:rsidRPr="00305796" w:rsidRDefault="0083088E"><w:pPr><w:spacing w:line="300" w:lineRule="exact"/><w:ind w:right="-95"/><w:rPr><w:rFonts w:ascii="Arial Narrow" w:hAnsi="Arial Narrow"/></w:rPr></w:pPr><w:r w:rsidRPr="00305796"><w:rPr><w:rFonts w:ascii="Arial Narrow" w:hAnsi="Arial Narrow"/></w:rPr><w:t>geprüft/ergänzt:</w:t></w:r></w:p></w:tc><w:tc><w:tcPr><w:tcW w:w="2577" w:type="dxa"/><w:tcBorders><w:bottom w:val="single" w:sz="6" w:space="0" w:color="auto"/></w:tcBorders><w:shd w:val="pct10" w:color="000000" w:fill="FFFFFF"/></w:tcPr><w:p w:rsidR="0083088E" w:rsidRPr="00305796" w:rsidRDefault="0083088E"><w:pPr><w:rPr><w:rFonts w:ascii="Arial Narrow" w:hAnsi="Arial Narrow"/><w:sz w:val="24"/></w:rPr></w:pPr></w:p></w:tc></w:tr><w:tr w:rsidR="0083088E" w:rsidRPr="00305796" w:rsidTr="001E1CEF"><w:tblPrEx><w:tblCellMar><w:top w:w="0" w:type="dxa"/><w:bottom w:w="0" w:type="dxa"/></w:tblCellMar></w:tblPrEx><w:trPr><w:cantSplit/></w:trPr><w:tc><w:tcPr><w:tcW w:w="1063" w:type="dxa"/></w:tcPr><w:p w:rsidR="0083088E" w:rsidRPr="00305796" w:rsidRDefault="0083088E"><w:pPr><w:spacing w:line="260" w:lineRule="exact"/><w:rPr><w:rFonts w:ascii="Arial Narrow" w:hAnsi="Arial Narrow"/><w:sz w:val="24"/></w:rPr></w:pPr></w:p></w:tc><w:tc><w:tcPr><w:tcW w:w="3685" w:type="dxa"/></w:tcPr><w:p w:rsidR="0083088E" w:rsidRPr="00305796" w:rsidRDefault="0083088E"><w:pPr><w:spacing w:line="260" w:lineRule="exact"/><w:ind w:right="-57"/><w:jc w:val="right"/><w:rPr><w:rFonts w:ascii="Arial Narrow" w:hAnsi="Arial Narrow"/><w:sz w:val="16"/></w:rPr></w:pPr><w:r w:rsidRPr="00305796"><w:rPr><w:rFonts w:ascii="Arial Narrow" w:hAnsi="Arial Narrow"/><w:sz w:val="16"/></w:rPr><w:t>(Datum, Unterschrift, Vermessungsstelle)</w:t></w:r></w:p></w:tc><w:tc><w:tcPr><w:tcW w:w="882" w:type="dxa"/></w:tcPr><w:p w:rsidR="0083088E" w:rsidRPr="00305796" w:rsidRDefault="0083088E"><w:pPr><w:spacing w:line="260" w:lineRule="exact"/><w:rPr><w:rFonts w:ascii="Arial Narrow" w:hAnsi="Arial Narrow"/><w:sz w:val="24"/></w:rPr></w:pPr></w:p></w:tc><w:tc><w:tcPr><w:tcW w:w="3938" w:type="dxa"/><w:gridSpan w:val="2"/><w:shd w:val="pct10" w:color="000000" w:fill="FFFFFF"/></w:tcPr><w:p w:rsidR="0083088E" w:rsidRPr="00305796" w:rsidRDefault="0083088E"><w:pPr><w:spacing w:line="260" w:lineRule="exact"/><w:ind w:left="-57" w:right="-57"/><w:jc w:val="center"/><w:rPr><w:rFonts w:ascii="Arial Narrow" w:hAnsi="Arial Narrow"/><w:spacing w:val="-2"/><w:sz w:val="24"/></w:rPr></w:pPr><w:r w:rsidRPr="00305796"><w:rPr><w:rFonts w:ascii="Arial Narrow" w:hAnsi="Arial Narrow"/><w:spacing w:val="-2"/><w:sz w:val="16"/></w:rPr><w:t>(Datum, Unterschrift, Amts- o. Berufsgruppenbezeichnung)</w:t></w:r></w:p></w:tc></w:tr><w:tr w:rsidR="0083088E" w:rsidRPr="00305796" w:rsidTr="001E1CEF"><w:tblPrEx><w:tblCellMar><w:top w:w="0" w:type="dxa"/><w:bottom w:w="0" w:type="dxa"/></w:tblCellMar></w:tblPrEx><w:trPr><w:cantSplit/><w:trHeight w:hRule="exact" w:val="200"/></w:trPr><w:tc><w:tcPr><w:tcW w:w="1063" w:type="dxa"/></w:tcPr><w:p w:rsidR="0083088E" w:rsidRPr="00305796" w:rsidRDefault="0083088E"><w:pPr><w:spacing w:line="260" w:lineRule="exact"/><w:rPr><w:rFonts w:ascii="Arial Narrow" w:hAnsi="Arial Narrow"/><w:sz w:val="24"/></w:rPr></w:pPr></w:p></w:tc><w:tc><w:tcPr><w:tcW w:w="3685" w:type="dxa"/></w:tcPr><w:p w:rsidR="0083088E" w:rsidRPr="00305796" w:rsidRDefault="0083088E"><w:pPr><w:spacing w:line="260" w:lineRule="exact"/><w:jc w:val="center"/><w:rPr><w:rFonts w:ascii="Arial Narrow" w:hAnsi="Arial Narrow"/><w:sz w:val="16"/></w:rPr></w:pPr></w:p></w:tc><w:tc><w:tcPr><w:tcW w:w="882" w:type="dxa"/></w:tcPr><w:p w:rsidR="0083088E" w:rsidRPr="00305796" w:rsidRDefault="0083088E"><w:pPr><w:spacing w:line="260" w:lineRule="exact"/><w:rPr><w:rFonts w:ascii="Arial Narrow" w:hAnsi="Arial Narrow"/><w:sz w:val="24"/></w:rPr></w:pPr></w:p></w:tc><w:tc><w:tcPr><w:tcW w:w="3938" w:type="dxa"/><w:gridSpan w:val="2"/><w:shd w:val="pct10" w:color="000000" w:fill="FFFFFF"/></w:tcPr><w:p w:rsidR="0083088E" w:rsidRPr="00305796" w:rsidRDefault="0083088E"><w:pPr><w:spacing w:line="260" w:lineRule="exact"/><w:ind w:left="-57" w:right="-57"/><w:jc w:val="center"/><w:rPr><w:rFonts w:ascii="Arial Narrow" w:hAnsi="Arial Narrow"/><w:spacing w:val="-2"/><w:sz w:val="16"/></w:rPr></w:pPr></w:p></w:tc></w:tr></w:tbl><w:p w:rsidR="0083088E" w:rsidRPr="00305796" w:rsidRDefault="0083088E"><w:pPr><w:rPr><w:rFonts w:ascii="Arial Narrow" w:hAnsi="Arial Narrow"/></w:rPr></w:pPr></w:p><w:p w:rsidR="0083088E" w:rsidRPr="00305796" w:rsidRDefault="0083088E"><w:pPr><w:pStyle w:val="berschrift2"/><w:rPr><w:rFonts w:ascii="Arial Narrow" w:hAnsi="Arial Narrow"/><w:sz w:val="28"/></w:rPr></w:pPr><w:r w:rsidRPr="00305796"><w:rPr><w:rFonts w:ascii="Arial Narrow" w:hAnsi="Arial Narrow"/><w:sz w:val="28"/></w:rPr><w:t>Angaben der Fortführungsbearbeitung</w:t></w:r></w:p><w:p w:rsidR="0083088E" w:rsidRPr="00390ED8" w:rsidRDefault="0083088E"><w:pPr><w:rPr><w:rFonts w:ascii="Arial Narrow" w:hAnsi="Arial Narrow"/></w:rPr></w:pPr></w:p><w:tbl><w:tblPr><w:tblW w:w="9606" w:type="dxa"/><w:tblLayout w:type="fixed"/><w:tblLook w:val="04A0" w:firstRow="1" w:lastRow="0" w:firstColumn="1" w:lastColumn="0" w:noHBand="0" w:noVBand="1"/></w:tblPr><w:tblGrid><w:gridCol w:w="392"/><w:gridCol w:w="2969"/><w:gridCol w:w="8"/><w:gridCol w:w="1417"/><w:gridCol w:w="851"/><w:gridCol w:w="425"/><w:gridCol w:w="567"/><w:gridCol w:w="850"/><w:gridCol w:w="426"/><w:gridCol w:w="776"/><w:gridCol w:w="268"/><w:gridCol w:w="657"/></w:tblGrid><w:tr w:rsidR="00C41791" w:rsidRPr="00390ED8" w:rsidTr="00172D19"><w:trPr><w:trHeight w:val="279"/></w:trPr><w:tc><w:tcPr><w:tcW w:w="392" w:type="dxa"/><w:shd w:val="clear" w:color="auto" w:fill="D9D9D9"/></w:tcPr><w:p w:rsidR="005672C4" w:rsidRPr="00390ED8" w:rsidRDefault="005672C4" w:rsidP="00417025"><w:pPr><w:rPr><w:rFonts w:ascii="Arial Narrow" w:hAnsi="Arial Narrow"/><w:sz w:val="16"/></w:rPr></w:pPr><w:r w:rsidRPr="00390ED8"><w:rPr><w:rFonts w:ascii="Arial Narrow" w:hAnsi="Arial Narrow"/><w:sz w:val="16"/></w:rPr><w:t>1.</w:t></w:r></w:p></w:tc><w:tc><w:tcPr><w:tcW w:w="4394" w:type="dxa"/><w:gridSpan w:val="3"/><w:shd w:val="clear" w:color="auto" w:fill="D9D9D9"/></w:tcPr><w:p w:rsidR="005672C4" w:rsidRPr="00390ED8" w:rsidRDefault="005672C4" w:rsidP="00417025"><w:pPr><w:rPr><w:rFonts w:ascii="Arial Narrow" w:hAnsi="Arial Narrow"/><w:sz w:val="16"/></w:rPr></w:pPr><w:r w:rsidRPr="00390ED8"><w:rPr><w:rFonts w:ascii="Arial Narrow" w:hAnsi="Arial Narrow"/><w:sz w:val="16"/></w:rPr><w:t>Vermessungsschrif</w:t></w:r><w:r w:rsidR="005A7F61"><w:rPr><w:rFonts w:ascii="Arial Narrow" w:hAnsi="Arial Narrow"/><w:sz w:val="16"/></w:rPr><w:t>ten sind zur Übernahme geeignet:</w:t></w:r></w:p></w:tc><w:tc><w:tcPr><w:tcW w:w="851" w:type="dxa"/><w:shd w:val="clear" w:color="auto" w:fill="auto"/></w:tcPr><w:p w:rsidR="005672C4" w:rsidRPr="00390ED8" w:rsidRDefault="005672C4" w:rsidP="00417025"><w:pPr><w:rPr><w:rFonts w:ascii="Arial Narrow" w:hAnsi="Arial Narrow"/><w:sz w:val="16"/></w:rPr></w:pPr></w:p></w:tc><w:tc><w:tcPr><w:tcW w:w="425" w:type="dxa"/><w:shd w:val="clear" w:color="auto" w:fill="D9D9D9"/></w:tcPr><w:p w:rsidR="005672C4" w:rsidRPr="00390ED8" w:rsidRDefault="00C41791" w:rsidP="00417025"><w:pPr><w:rPr><w:rFonts w:ascii="Arial Narrow" w:hAnsi="Arial Narrow"/><w:sz w:val="16"/></w:rPr></w:pPr><w:r w:rsidRPr="00390ED8"><w:rPr><w:rFonts w:ascii="Arial Narrow" w:hAnsi="Arial Narrow"/><w:sz w:val="16"/></w:rPr><w:t>4.</w:t></w:r></w:p></w:tc><w:tc><w:tcPr><w:tcW w:w="2619" w:type="dxa"/><w:gridSpan w:val="4"/><w:shd w:val="clear" w:color="auto" w:fill="D9D9D9"/></w:tcPr><w:p w:rsidR="005672C4" w:rsidRPr="00390ED8" w:rsidRDefault="00C41791" w:rsidP="00417025"><w:pPr><w:rPr><w:rFonts w:ascii="Arial Narrow" w:hAnsi="Arial Narrow"/><w:sz w:val="16"/></w:rPr></w:pPr><w:r w:rsidRPr="00390ED8"><w:rPr><w:rFonts w:ascii="Arial Narrow" w:hAnsi="Arial Narrow"/><w:sz w:val="16"/></w:rPr><w:t>Fortführungsmitteilungen abgesandt:</w:t></w:r></w:p></w:tc><w:tc><w:tcPr><w:tcW w:w="268" w:type="dxa"/><w:shd w:val="clear" w:color="auto" w:fill="D9D9D9"/></w:tcPr><w:p w:rsidR="005672C4" w:rsidRPr="00390ED8" w:rsidRDefault="005672C4" w:rsidP="00417025"><w:pPr><w:rPr><w:rFonts w:ascii="Arial Narrow" w:hAnsi="Arial Narrow"/><w:sz w:val="16"/></w:rPr></w:pPr></w:p></w:tc><w:tc><w:tcPr><w:tcW w:w="657" w:type="dxa"/><w:shd w:val="clear" w:color="auto" w:fill="D9D9D9"/></w:tcPr><w:p w:rsidR="005672C4" w:rsidRPr="00390ED8" w:rsidRDefault="005672C4" w:rsidP="00417025"><w:pPr><w:rPr><w:rFonts w:ascii="Arial Narrow" w:hAnsi="Arial Narrow"/><w:sz w:val="16"/></w:rPr></w:pPr></w:p></w:tc></w:tr><w:tr w:rsidR="00C37DFD" w:rsidRPr="00390ED8" w:rsidTr="00172D19"><w:trPr><w:trHeight w:val="488"/></w:trPr><w:tc><w:tcPr><w:tcW w:w="392" w:type="dxa"/><w:shd w:val="clear" w:color="auto" w:fill="D9D9D9"/></w:tcPr><w:p w:rsidR="00C37DFD" w:rsidRPr="00390ED8" w:rsidRDefault="00C37DFD" w:rsidP="00417025"><w:pPr><w:rPr><w:rFonts w:ascii="Arial Narrow" w:hAnsi="Arial Narrow"/><w:sz w:val="16"/></w:rPr></w:pPr></w:p></w:tc><w:tc><w:tcPr><w:tcW w:w="2969" w:type="dxa"/><w:tcBorders><w:bottom w:val="single" w:sz="4" w:space="0" w:color="auto"/></w:tcBorders><w:shd w:val="clear" w:color="auto" w:fill="D9D9D9"/><w:vAlign w:val="bottom"/></w:tcPr><w:p w:rsidR="00C37DFD" w:rsidRPr="00390ED8" w:rsidRDefault="00C37DFD" w:rsidP="00417025"><w:pPr><w:rPr><w:rFonts w:ascii="Arial Narrow" w:hAnsi="Arial Narrow"/><w:sz w:val="16"/></w:rPr></w:pPr></w:p></w:tc><w:tc><w:tcPr><w:tcW w:w="1425" w:type="dxa"/><w:gridSpan w:val="2"/><w:tcBorders><w:bottom w:val="single" w:sz="4" w:space="0" w:color="auto"/></w:tcBorders><w:shd w:val="clear" w:color="auto" w:fill="D9D9D9"/><w:vAlign w:val="bottom"/></w:tcPr><w:p w:rsidR="00C37DFD" w:rsidRPr="00390ED8" w:rsidRDefault="00C37DFD" w:rsidP="00417025"><w:pPr><w:rPr><w:rFonts w:ascii="Arial Narrow" w:hAnsi="Arial Narrow"/><w:sz w:val="16"/></w:rPr></w:pPr></w:p></w:tc><w:tc><w:tcPr><w:tcW w:w="851" w:type="dxa"/><w:shd w:val="clear" w:color="auto" w:fill="auto"/></w:tcPr><w:p w:rsidR="00C37DFD" w:rsidRPr="00390ED8" w:rsidRDefault="00C37DFD" w:rsidP="00417025"><w:pPr><w:rPr><w:rFonts w:ascii="Arial Narrow" w:hAnsi="Arial Narrow"/><w:sz w:val="16"/></w:rPr></w:pPr></w:p></w:tc><w:tc><w:tcPr><w:tcW w:w="425" w:type="dxa"/><w:shd w:val="clear" w:color="auto" w:fill="D9D9D9"/></w:tcPr><w:p w:rsidR="00C37DFD" w:rsidRPr="00390ED8" w:rsidRDefault="00C37DFD" w:rsidP="00417025"><w:pPr><w:rPr><w:rFonts w:ascii="Arial Narrow" w:hAnsi="Arial Narrow"/><w:sz w:val="16"/></w:rPr></w:pPr></w:p></w:tc><w:tc><w:tcPr><w:tcW w:w="567" w:type="dxa"/><w:shd w:val="clear" w:color="auto" w:fill="D9D9D9"/><w:vAlign w:val="bottom"/></w:tcPr><w:p w:rsidR="00C37DFD" w:rsidRPr="00390ED8" w:rsidRDefault="00C37DFD" w:rsidP="00417025"><w:pPr><w:rPr><w:rFonts w:ascii="Arial Narrow" w:hAnsi="Arial Narrow"/><w:sz w:val="16"/></w:rPr></w:pPr><w:r w:rsidRPr="00390ED8"><w:rPr><w:rFonts w:ascii="Arial Narrow" w:hAnsi="Arial Narrow"/><w:sz w:val="16"/></w:rPr><w:t>am:</w:t></w:r></w:p></w:tc><w:tc><w:tcPr><w:tcW w:w="850" w:type="dxa"/><w:tcBorders><w:bottom w:val="single" w:sz="4" w:space="0" w:color="auto"/></w:tcBorders><w:shd w:val="clear" w:color="auto" w:fill="D9D9D9"/><w:vAlign w:val="bottom"/></w:tcPr><w:p w:rsidR="00C37DFD" w:rsidRPr="00390ED8" w:rsidRDefault="00C37DFD" w:rsidP="00417025"><w:pPr><w:rPr><w:rFonts w:ascii="Arial Narrow" w:hAnsi="Arial Narrow"/><w:sz w:val="16"/></w:rPr></w:pPr></w:p></w:tc><w:tc><w:tcPr><w:tcW w:w="2127" w:type="dxa"/><w:gridSpan w:val="4"/><w:shd w:val="clear" w:color="auto" w:fill="D9D9D9"/><w:vAlign w:val="bottom"/></w:tcPr><w:p w:rsidR="00C37DFD" w:rsidRPr="00390ED8" w:rsidRDefault="00C37DFD" w:rsidP="00417025"><w:pPr><w:rPr><w:rFonts w:ascii="Arial Narrow" w:hAnsi="Arial Narrow"/><w:sz w:val="16"/></w:rPr></w:pPr><w:r w:rsidRPr="00390ED8"><w:rPr><w:rFonts w:ascii="Arial Narrow" w:hAnsi="Arial Narrow"/><w:sz w:val="16"/></w:rPr><w:t>an das Grundbuchamt</w:t></w:r></w:p></w:tc></w:tr><w:tr w:rsidR="00417025" w:rsidRPr="00390ED8" w:rsidTr="00172D19"><w:trPr><w:trHeight w:val="249"/></w:trPr><w:tc><w:tcPr><w:tcW w:w="392" w:type="dxa"/><w:shd w:val="clear" w:color="auto" w:fill="D9D9D9"/></w:tcPr><w:p w:rsidR="005672C4" w:rsidRPr="00390ED8" w:rsidRDefault="005672C4" w:rsidP="00417025"><w:pPr><w:rPr><w:rFonts w:ascii="Arial Narrow" w:hAnsi="Arial Narrow"/><w:sz w:val="16"/></w:rPr></w:pPr></w:p></w:tc><w:tc><w:tcPr><w:tcW w:w="4394" w:type="dxa"/><w:gridSpan w:val="3"/><w:shd w:val="clear" w:color="auto" w:fill="D9D9D9"/><w:vAlign w:val="bottom"/></w:tcPr><w:p w:rsidR="005672C4" w:rsidRPr="00390ED8" w:rsidRDefault="005672C4" w:rsidP="00417025"><w:pPr><w:rPr><w:rFonts w:ascii="Arial Narrow" w:hAnsi="Arial Narrow"/><w:sz w:val="16"/></w:rPr></w:pPr><w:r w:rsidRPr="00390ED8"><w:rPr><w:rFonts w:ascii="Arial Narrow" w:hAnsi="Arial Narrow"/><w:sz w:val="16"/></w:rPr><w:t>(Datum, Unterschrift, Amts- bzw. Berufsgruppenbezeichnung)</w:t></w:r></w:p></w:tc><w:tc><w:tcPr><w:tcW w:w="851" w:type="dxa"/><w:shd w:val="clear" w:color="auto" w:fill="auto"/></w:tcPr><w:p w:rsidR="005672C4" w:rsidRPr="00390ED8" w:rsidRDefault="005672C4" w:rsidP="00417025"><w:pPr><w:rPr><w:rFonts w:ascii="Arial Narrow" w:hAnsi="Arial Narrow"/><w:sz w:val="16"/></w:rPr></w:pPr></w:p></w:tc><w:tc><w:tcPr><w:tcW w:w="425" w:type="dxa"/><w:shd w:val="clear" w:color="auto" w:fill="D9D9D9"/></w:tcPr><w:p w:rsidR="005672C4" w:rsidRPr="00390ED8" w:rsidRDefault="005672C4" w:rsidP="00417025"><w:pPr><w:rPr><w:rFonts w:ascii="Arial Narrow" w:hAnsi="Arial Narrow"/><w:sz w:val="16"/></w:rPr></w:pPr></w:p></w:tc><w:tc><w:tcPr><w:tcW w:w="1417" w:type="dxa"/><w:gridSpan w:val="2"/><w:shd w:val="clear" w:color="auto" w:fill="D9D9D9"/></w:tcPr><w:p w:rsidR="005672C4" w:rsidRPr="00390ED8" w:rsidRDefault="005672C4" w:rsidP="00417025"><w:pPr><w:rPr><w:rFonts w:ascii="Arial Narrow" w:hAnsi="Arial Narrow"/><w:sz w:val="16"/></w:rPr></w:pPr></w:p></w:tc><w:tc><w:tcPr><w:tcW w:w="426" w:type="dxa"/><w:shd w:val="clear" w:color="auto" w:fill="D9D9D9"/></w:tcPr><w:p w:rsidR="005672C4" w:rsidRPr="00390ED8" w:rsidRDefault="005672C4" w:rsidP="00417025"><w:pPr><w:rPr><w:rFonts w:ascii="Arial Narrow" w:hAnsi="Arial Narrow"/><w:sz w:val="16"/></w:rPr></w:pPr></w:p></w:tc><w:tc><w:tcPr><w:tcW w:w="1701" w:type="dxa"/><w:gridSpan w:val="3"/><w:shd w:val="clear" w:color="auto" w:fill="D9D9D9"/></w:tcPr><w:p w:rsidR="005672C4" w:rsidRPr="00390ED8" w:rsidRDefault="005672C4" w:rsidP="00417025"><w:pPr><w:rPr><w:rFonts w:ascii="Arial Narrow" w:hAnsi="Arial Narrow"/><w:sz w:val="16"/></w:rPr></w:pPr></w:p></w:tc></w:tr><w:tr w:rsidR="00EA65EE" w:rsidRPr="00390ED8" w:rsidTr="00172D19"><w:trPr><w:trHeight w:val="117"/></w:trPr><w:tc><w:tcPr><w:tcW w:w="392" w:type="dxa"/><w:shd w:val="clear" w:color="auto" w:fill="D9D9D9"/></w:tcPr><w:p w:rsidR="00EA65EE" w:rsidRPr="00390ED8" w:rsidRDefault="00EA65EE" w:rsidP="00417025"><w:pPr><w:rPr><w:rFonts w:ascii="Arial Narrow" w:hAnsi="Arial Narrow"/><w:sz w:val="16"/></w:rPr></w:pPr></w:p></w:tc><w:tc><w:tcPr><w:tcW w:w="4394" w:type="dxa"/><w:gridSpan w:val="3"/><w:shd w:val="clear" w:color="auto" w:fill="D9D9D9"/></w:tcPr><w:p w:rsidR="00EA65EE" w:rsidRPr="00390ED8" w:rsidRDefault="00EA65EE" w:rsidP="00417025"><w:pPr><w:rPr><w:rFonts w:ascii="Arial Narrow" w:hAnsi="Arial Narrow"/><w:sz w:val="16"/></w:rPr></w:pPr></w:p></w:tc><w:tc><w:tcPr><w:tcW w:w="851" w:type="dxa"/><w:shd w:val="clear" w:color="auto" w:fill="auto"/></w:tcPr><w:p w:rsidR="00EA65EE" w:rsidRPr="00390ED8" w:rsidRDefault="00EA65EE" w:rsidP="00417025"><w:pPr><w:rPr><w:rFonts w:ascii="Arial Narrow" w:hAnsi="Arial Narrow"/><w:sz w:val="16"/></w:rPr></w:pPr></w:p></w:tc><w:tc><w:tcPr><w:tcW w:w="425" w:type="dxa"/><w:shd w:val="clear" w:color="auto" w:fill="D9D9D9"/></w:tcPr><w:p w:rsidR="00EA65EE" w:rsidRPr="00390ED8" w:rsidRDefault="00EA65EE" w:rsidP="00417025"><w:pPr><w:rPr><w:rFonts w:ascii="Arial Narrow" w:hAnsi="Arial Narrow"/><w:sz w:val="16"/></w:rPr></w:pPr></w:p></w:tc><w:tc><w:tcPr><w:tcW w:w="567" w:type="dxa"/><w:shd w:val="clear" w:color="auto" w:fill="D9D9D9"/><w:vAlign w:val="bottom"/></w:tcPr><w:p w:rsidR="00EA65EE" w:rsidRPr="00390ED8" w:rsidRDefault="00EA65EE" w:rsidP="002B23C4"><w:pPr><w:rPr><w:rFonts w:ascii="Arial Narrow" w:hAnsi="Arial Narrow"/><w:sz w:val="16"/></w:rPr></w:pPr><w:r w:rsidRPr="00390ED8"><w:rPr><w:rFonts w:ascii="Arial Narrow" w:hAnsi="Arial Narrow"/><w:sz w:val="16"/></w:rPr><w:t>am:</w:t></w:r></w:p></w:tc><w:tc><w:tcPr><w:tcW w:w="850" w:type="dxa"/><w:tcBorders><w:bottom w:val="single" w:sz="4" w:space="0" w:color="auto"/></w:tcBorders><w:shd w:val="clear" w:color="auto" w:fill="D9D9D9"/></w:tcPr><w:p w:rsidR="00EA65EE" w:rsidRPr="00390ED8" w:rsidRDefault="00EA65EE" w:rsidP="00417025"><w:pPr><w:rPr><w:rFonts w:ascii="Arial Narrow" w:hAnsi="Arial Narrow"/><w:sz w:val="16"/></w:rPr></w:pPr></w:p></w:tc><w:tc><w:tcPr><w:tcW w:w="426" w:type="dxa"/><w:shd w:val="clear" w:color="auto" w:fill="D9D9D9"/><w:vAlign w:val="bottom"/></w:tcPr><w:p w:rsidR="00EA65EE" w:rsidRPr="00390ED8" w:rsidRDefault="00DB091A" w:rsidP="00DB091A"><w:pPr><w:rPr><w:rFonts w:ascii="Arial Narrow" w:hAnsi="Arial Narrow"/><w:sz w:val="16"/></w:rPr></w:pPr><w:r w:rsidRPr="00390ED8"><w:rPr><w:rFonts w:ascii="Arial Narrow" w:hAnsi="Arial Narrow"/><w:sz w:val="16"/></w:rPr><w:t>an:</w:t></w:r></w:p></w:tc><w:tc><w:tcPr><w:tcW w:w="1701" w:type="dxa"/><w:gridSpan w:val="3"/><w:tcBorders><w:bottom w:val="single" w:sz="4" w:space="0" w:color="auto"/></w:tcBorders><w:shd w:val="clear" w:color="auto" w:fill="D9D9D9"/></w:tcPr><w:p w:rsidR="00EA65EE" w:rsidRPr="00390ED8" w:rsidRDefault="00EA65EE" w:rsidP="00417025"><w:pPr><w:rPr><w:rFonts w:ascii="Arial Narrow" w:hAnsi="Arial Narrow"/><w:sz w:val="16"/></w:rPr></w:pPr></w:p></w:tc></w:tr><w:tr w:rsidR="00C37DFD" w:rsidRPr="00390ED8" w:rsidTr="00172D19"><w:trPr><w:trHeight w:val="249"/></w:trPr><w:tc><w:tcPr><w:tcW w:w="392" w:type="dxa"/><w:shd w:val="clear" w:color="auto" w:fill="D9D9D9"/></w:tcPr><w:p w:rsidR="00C37DFD" w:rsidRPr="00390ED8" w:rsidRDefault="00C37DFD" w:rsidP="00417025"><w:pPr><w:rPr><w:rFonts w:ascii="Arial Narrow" w:hAnsi="Arial Narrow"/><w:sz w:val="16"/></w:rPr></w:pPr><w:r w:rsidRPr="00390ED8"><w:rPr><w:rFonts w:ascii="Arial Narrow" w:hAnsi="Arial Narrow"/><w:sz w:val="16"/></w:rPr><w:t>2.</w:t></w:r></w:p></w:tc><w:tc><w:tcPr><w:tcW w:w="4394" w:type="dxa"/><w:gridSpan w:val="3"/><w:shd w:val="clear" w:color="auto" w:fill="D9D9D9"/></w:tcPr><w:p w:rsidR="00C37DFD" w:rsidRPr="00390ED8" w:rsidRDefault="007538A6" w:rsidP="00417025"><w:pPr><w:rPr><w:rFonts w:ascii="Arial Narrow" w:hAnsi="Arial Narrow"/><w:sz w:val="16"/></w:rPr></w:pPr><w:r><w:rPr><w:rFonts w:ascii="Arial Narrow" w:hAnsi="Arial Narrow"/><w:sz w:val="16"/></w:rPr><w:t xml:space="preserve">Bearbeitet und Ergebnis der </w:t></w:r><w:r w:rsidRPr="00390ED8"><w:rPr><w:rFonts w:ascii="Arial Narrow" w:hAnsi="Arial Narrow"/><w:sz w:val="16"/></w:rPr><w:t xml:space="preserve">Fortführungssimulation </w:t></w:r><w:r><w:rPr><w:rFonts w:ascii="Arial Narrow" w:hAnsi="Arial Narrow"/><w:sz w:val="16"/></w:rPr><w:t>geprüft</w:t></w:r><w:r w:rsidRPr="00390ED8"><w:rPr><w:rFonts w:ascii="Arial Narrow" w:hAnsi="Arial Narrow"/><w:sz w:val="16"/></w:rPr><w:t>:</w:t></w:r></w:p></w:tc><w:tc><w:tcPr><w:tcW w:w="851" w:type="dxa"/><w:shd w:val="clear" w:color="auto" w:fill="auto"/></w:tcPr><w:p w:rsidR="00C37DFD" w:rsidRPr="00390ED8" w:rsidRDefault="00C37DFD" w:rsidP="00417025"><w:pPr><w:rPr><w:rFonts w:ascii="Arial Narrow" w:hAnsi="Arial Narrow"/><w:sz w:val="16"/></w:rPr></w:pPr></w:p></w:tc><w:tc><w:tcPr><w:tcW w:w="425" w:type="dxa"/><w:shd w:val="clear" w:color="auto" w:fill="D9D9D9"/></w:tcPr><w:p w:rsidR="00C37DFD" w:rsidRPr="00390ED8" w:rsidRDefault="00C37DFD" w:rsidP="00417025"><w:pPr><w:rPr><w:rFonts w:ascii="Arial Narrow" w:hAnsi="Arial Narrow"/><w:sz w:val="16"/></w:rPr></w:pPr></w:p></w:tc><w:tc><w:tcPr><w:tcW w:w="567" w:type="dxa"/><w:shd w:val="clear" w:color="auto" w:fill="D9D9D9"/></w:tcPr><w:p w:rsidR="00C37DFD" w:rsidRPr="00390ED8" w:rsidRDefault="00C37DFD" w:rsidP="00417025"><w:pPr><w:rPr><w:rFonts w:ascii="Arial Narrow" w:hAnsi="Arial Narrow"/><w:sz w:val="16"/></w:rPr></w:pPr></w:p></w:tc><w:tc><w:tcPr><w:tcW w:w="850" w:type="dxa"/><w:tcBorders><w:top w:val="single" w:sz="4" w:space="0" w:color="auto"/></w:tcBorders><w:shd w:val="clear" w:color="auto" w:fill="D9D9D9"/></w:tcPr><w:p w:rsidR="00C37DFD" w:rsidRPr="00390ED8" w:rsidRDefault="00C37DFD" w:rsidP="00417025"><w:pPr><w:rPr><w:rFonts w:ascii="Arial Narrow" w:hAnsi="Arial Narrow"/><w:sz w:val="16"/></w:rPr></w:pPr></w:p></w:tc><w:tc><w:tcPr><w:tcW w:w="426" w:type="dxa"/><w:shd w:val="clear" w:color="auto" w:fill="D9D9D9"/></w:tcPr><w:p w:rsidR="00C37DFD" w:rsidRPr="00390ED8" w:rsidRDefault="00C37DFD" w:rsidP="00417025"><w:pPr><w:rPr><w:rFonts w:ascii="Arial Narrow" w:hAnsi="Arial Narrow"/><w:sz w:val="16"/></w:rPr></w:pPr></w:p></w:tc><w:tc><w:tcPr><w:tcW w:w="1701" w:type="dxa"/><w:gridSpan w:val="3"/><w:tcBorders><w:top w:val="single" w:sz="4" w:space="0" w:color="auto"/></w:tcBorders><w:shd w:val="clear" w:color="auto" w:fill="D9D9D9"/></w:tcPr><w:p w:rsidR="00C37DFD" w:rsidRPr="00390ED8" w:rsidRDefault="00C37DFD" w:rsidP="00417025"><w:pPr><w:rPr><w:rFonts w:ascii="Arial Narrow" w:hAnsi="Arial Narrow"/><w:sz w:val="16"/></w:rPr></w:pPr></w:p></w:tc></w:tr><w:tr w:rsidR="00EA65EE" w:rsidRPr="00390ED8" w:rsidTr="00172D19"><w:trPr><w:trHeight w:val="249"/></w:trPr><w:tc><w:tcPr><w:tcW w:w="392" w:type="dxa"/><w:vMerge w:val="restart"/><w:shd w:val="clear" w:color="auto" w:fill="D9D9D9"/></w:tcPr><w:p w:rsidR="00EA65EE" w:rsidRPr="00390ED8" w:rsidRDefault="00EA65EE" w:rsidP="00417025"><w:pPr><w:rPr><w:rFonts w:ascii="Arial Narrow" w:hAnsi="Arial Narrow"/><w:sz w:val="16"/></w:rPr></w:pPr></w:p></w:tc><w:tc><w:tcPr><w:tcW w:w="2977" w:type="dxa"/><w:gridSpan w:val="2"/><w:vMerge w:val="restart"/><w:shd w:val="clear" w:color="auto" w:fill="D9D9D9"/></w:tcPr><w:p w:rsidR="00EA65EE" w:rsidRPr="00390ED8" w:rsidRDefault="00EA65EE" w:rsidP="00417025"><w:pPr><w:rPr><w:rFonts w:ascii="Arial Narrow" w:hAnsi="Arial Narrow"/><w:sz w:val="16"/></w:rPr></w:pPr></w:p></w:tc><w:tc><w:tcPr><w:tcW w:w="1417" w:type="dxa"/><w:vMerge w:val="restart"/><w:shd w:val="clear" w:color="auto" w:fill="D9D9D9"/><w:vAlign w:val="bottom"/></w:tcPr><w:p w:rsidR="00EA65EE" w:rsidRPr="00390ED8" w:rsidRDefault="00EA65EE" w:rsidP="00417025"><w:pPr><w:rPr><w:rFonts w:ascii="Arial Narrow" w:hAnsi="Arial Narrow"/><w:sz w:val="16"/></w:rPr></w:pPr></w:p></w:tc><w:tc><w:tcPr><w:tcW w:w="851" w:type="dxa"/><w:vMerge w:val="restart"/><w:shd w:val="clear" w:color="auto" w:fill="auto"/></w:tcPr><w:p w:rsidR="00EA65EE" w:rsidRPr="00390ED8" w:rsidRDefault="00EA65EE" w:rsidP="00417025"><w:pPr><w:rPr><w:rFonts w:ascii="Arial Narrow" w:hAnsi="Arial Narrow"/><w:sz w:val="16"/></w:rPr></w:pPr></w:p></w:tc><w:tc><w:tcPr><w:tcW w:w="425" w:type="dxa"/><w:vMerge w:val="restart"/><w:shd w:val="clear" w:color="auto" w:fill="D9D9D9"/></w:tcPr><w:p w:rsidR="00EA65EE" w:rsidRPr="00390ED8" w:rsidRDefault="00EA65EE" w:rsidP="00417025"><w:pPr><w:rPr><w:rFonts w:ascii="Arial Narrow" w:hAnsi="Arial Narrow"/><w:sz w:val="16"/></w:rPr></w:pPr></w:p></w:tc><w:tc><w:tcPr><w:tcW w:w="567" w:type="dxa"/><w:shd w:val="clear" w:color="auto" w:fill="D9D9D9"/><w:vAlign w:val="bottom"/></w:tcPr><w:p w:rsidR="00EA65EE" w:rsidRPr="00390ED8" w:rsidRDefault="00EA65EE" w:rsidP="00417025"><w:pPr><w:rPr><w:rFonts w:ascii="Arial Narrow" w:hAnsi="Arial Narrow"/><w:sz w:val="16"/></w:rPr></w:pPr><w:r w:rsidRPr="00390ED8"><w:rPr><w:rFonts w:ascii="Arial Narrow" w:hAnsi="Arial Narrow"/><w:sz w:val="16"/></w:rPr><w:t>am:</w:t></w:r></w:p></w:tc><w:tc><w:tcPr><w:tcW w:w="850" w:type="dxa"/><w:tcBorders><w:bottom w:val="single" w:sz="4" w:space="0" w:color="auto"/></w:tcBorders><w:shd w:val="clear" w:color="auto" w:fill="D9D9D9"/><w:vAlign w:val="bottom"/></w:tcPr><w:p w:rsidR="00EA65EE" w:rsidRPr="00390ED8" w:rsidRDefault="00EA65EE" w:rsidP="00417025"><w:pPr><w:rPr><w:rFonts w:ascii="Arial Narrow" w:hAnsi="Arial Narrow"/><w:sz w:val="16"/></w:rPr></w:pPr></w:p></w:tc><w:tc><w:tcPr><w:tcW w:w="426" w:type="dxa"/><w:shd w:val="clear" w:color="auto" w:fill="D9D9D9"/><w:vAlign w:val="bottom"/></w:tcPr><w:p w:rsidR="00EA65EE" w:rsidRPr="00390ED8" w:rsidRDefault="00EA65EE" w:rsidP="00417025"><w:pPr><w:rPr><w:rFonts w:ascii="Arial Narrow" w:hAnsi="Arial Narrow"/><w:sz w:val="16"/></w:rPr></w:pPr><w:r w:rsidRPr="00390ED8"><w:rPr><w:rFonts w:ascii="Arial Narrow" w:hAnsi="Arial Narrow"/><w:sz w:val="16"/></w:rPr><w:t>an:</w:t></w:r></w:p></w:tc><w:tc><w:tcPr><w:tcW w:w="1701" w:type="dxa"/><w:gridSpan w:val="3"/><w:tcBorders><w:bottom w:val="single" w:sz="4" w:space="0" w:color="auto"/></w:tcBorders><w:shd w:val="clear" w:color="auto" w:fill="D9D9D9"/><w:vAlign w:val="bottom"/></w:tcPr><w:p w:rsidR="00EA65EE" w:rsidRPr="00390ED8" w:rsidRDefault="00EA65EE" w:rsidP="00417025"><w:pPr><w:rPr><w:rFonts w:ascii="Arial Narrow" w:hAnsi="Arial Narrow"/><w:sz w:val="16"/></w:rPr></w:pPr></w:p></w:tc></w:tr><w:tr w:rsidR="00EA65EE" w:rsidRPr="00390ED8" w:rsidTr="00172D19"><w:trPr><w:trHeight w:val="249"/></w:trPr><w:tc><w:tcPr><w:tcW w:w="392" w:type="dxa"/><w:vMerge/><w:shd w:val="clear" w:color="auto" w:fill="D9D9D9"/></w:tcPr><w:p w:rsidR="00EA65EE" w:rsidRPr="00390ED8" w:rsidRDefault="00EA65EE" w:rsidP="00417025"><w:pPr><w:rPr><w:rFonts w:ascii="Arial Narrow" w:hAnsi="Arial Narrow"/><w:sz w:val="16"/></w:rPr></w:pPr></w:p></w:tc><w:tc><w:tcPr><w:tcW w:w="2977" w:type="dxa"/><w:gridSpan w:val="2"/><w:vMerge/><w:tcBorders><w:bottom w:val="single" w:sz="4" w:space="0" w:color="auto"/></w:tcBorders><w:shd w:val="clear" w:color="auto" w:fill="D9D9D9"/></w:tcPr><w:p w:rsidR="00EA65EE" w:rsidRPr="00390ED8" w:rsidRDefault="00EA65EE" w:rsidP="00417025"><w:pPr><w:rPr><w:rFonts w:ascii="Arial Narrow" w:hAnsi="Arial Narrow"/><w:sz w:val="16"/></w:rPr></w:pPr></w:p></w:tc><w:tc><w:tcPr><w:tcW w:w="1417" w:type="dxa"/><w:vMerge/><w:tcBorders><w:bottom w:val="single" w:sz="4" w:space="0" w:color="auto"/></w:tcBorders><w:shd w:val="clear" w:color="auto" w:fill="D9D9D9"/><w:vAlign w:val="bottom"/></w:tcPr><w:p w:rsidR="00EA65EE" w:rsidRPr="00390ED8" w:rsidRDefault="00EA65EE" w:rsidP="00417025"><w:pPr><w:rPr><w:rFonts w:ascii="Arial Narrow" w:hAnsi="Arial Narrow"/><w:sz w:val="16"/></w:rPr></w:pPr></w:p></w:tc><w:tc><w:tcPr><w:tcW w:w="851" w:type="dxa"/><w:vMerge/><w:shd w:val="clear" w:color="auto" w:fill="auto"/></w:tcPr><w:p w:rsidR="00EA65EE" w:rsidRPr="00390ED8" w:rsidRDefault="00EA65EE" w:rsidP="00417025"><w:pPr><w:rPr><w:rFonts w:ascii="Arial Narrow" w:hAnsi="Arial Narrow"/><w:sz w:val="16"/></w:rPr></w:pPr></w:p></w:tc><w:tc><w:tcPr><w:tcW w:w="425" w:type="dxa"/><w:vMerge/><w:shd w:val="clear" w:color="auto" w:fill="D9D9D9"/></w:tcPr><w:p w:rsidR="00EA65EE" w:rsidRPr="00390ED8" w:rsidRDefault="00EA65EE" w:rsidP="00417025"><w:pPr><w:rPr><w:rFonts w:ascii="Arial Narrow" w:hAnsi="Arial Narrow"/><w:sz w:val="16"/></w:rPr></w:pPr></w:p></w:tc><w:tc><w:tcPr><w:tcW w:w="567" w:type="dxa"/><w:shd w:val="clear" w:color="auto" w:fill="D9D9D9"/><w:vAlign w:val="bottom"/></w:tcPr><w:p w:rsidR="00EA65EE" w:rsidRPr="00390ED8" w:rsidRDefault="00EA65EE" w:rsidP="00417025"><w:pPr><w:rPr><w:rFonts w:ascii="Arial Narrow" w:hAnsi="Arial Narrow"/><w:sz w:val="16"/></w:rPr></w:pPr></w:p></w:tc><w:tc><w:tcPr><w:tcW w:w="850" w:type="dxa"/><w:tcBorders><w:top w:val="single" w:sz="4" w:space="0" w:color="auto"/></w:tcBorders><w:shd w:val="clear" w:color="auto" w:fill="D9D9D9"/><w:vAlign w:val="bottom"/></w:tcPr><w:p w:rsidR="00EA65EE" w:rsidRPr="00390ED8" w:rsidRDefault="00EA65EE" w:rsidP="00417025"><w:pPr><w:rPr><w:rFonts w:ascii="Arial Narrow" w:hAnsi="Arial Narrow"/><w:sz w:val="16"/></w:rPr></w:pPr></w:p></w:tc><w:tc><w:tcPr><w:tcW w:w="426" w:type="dxa"/><w:shd w:val="clear" w:color="auto" w:fill="D9D9D9"/><w:vAlign w:val="bottom"/></w:tcPr><w:p w:rsidR="00EA65EE" w:rsidRPr="00390ED8" w:rsidRDefault="00EA65EE" w:rsidP="00417025"><w:pPr><w:rPr><w:rFonts w:ascii="Arial Narrow" w:hAnsi="Arial Narrow"/><w:sz w:val="16"/></w:rPr></w:pPr></w:p></w:tc><w:tc><w:tcPr><w:tcW w:w="1701" w:type="dxa"/><w:gridSpan w:val="3"/><w:tcBorders><w:top w:val="single" w:sz="4" w:space="0" w:color="auto"/></w:tcBorders><w:shd w:val="clear" w:color="auto" w:fill="D9D9D9"/><w:vAlign w:val="bottom"/></w:tcPr><w:p w:rsidR="00EA65EE" w:rsidRPr="00390ED8" w:rsidRDefault="00EA65EE" w:rsidP="00417025"><w:pPr><w:rPr><w:rFonts w:ascii="Arial Narrow" w:hAnsi="Arial Narrow"/><w:sz w:val="16"/></w:rPr></w:pPr></w:p></w:tc></w:tr><w:tr w:rsidR="002B23C4" w:rsidRPr="00390ED8" w:rsidTr="00172D19"><w:trPr><w:trHeight w:val="249"/></w:trPr><w:tc><w:tcPr><w:tcW w:w="392" w:type="dxa"/><w:shd w:val="clear" w:color="auto" w:fill="D9D9D9"/></w:tcPr><w:p w:rsidR="002B23C4" w:rsidRPr="00390ED8" w:rsidRDefault="002B23C4" w:rsidP="00417025"><w:pPr><w:rPr><w:rFonts w:ascii="Arial Narrow" w:hAnsi="Arial Narrow"/><w:sz w:val="16"/></w:rPr></w:pPr></w:p></w:tc><w:tc><w:tcPr><w:tcW w:w="4394" w:type="dxa"/><w:gridSpan w:val="3"/><w:shd w:val="clear" w:color="auto" w:fill="D9D9D9"/></w:tcPr><w:p w:rsidR="002B23C4" w:rsidRPr="00390ED8" w:rsidRDefault="002B23C4" w:rsidP="00417025"><w:pPr><w:rPr><w:rFonts w:ascii="Arial Narrow" w:hAnsi="Arial Narrow"/><w:sz w:val="16"/></w:rPr></w:pPr><w:r w:rsidRPr="00390ED8"><w:rPr><w:rFonts w:ascii="Arial Narrow" w:hAnsi="Arial Narrow"/><w:sz w:val="16"/></w:rPr><w:t>(Datum, Unterschrift, Amts- bzw. Berufsgruppenbezeichnung)</w:t></w:r></w:p></w:tc><w:tc><w:tcPr><w:tcW w:w="851" w:type="dxa"/><w:shd w:val="clear" w:color="auto" w:fill="auto"/></w:tcPr><w:p w:rsidR="002B23C4" w:rsidRPr="00390ED8" w:rsidRDefault="002B23C4" w:rsidP="00417025"><w:pPr><w:rPr><w:rFonts w:ascii="Arial Narrow" w:hAnsi="Arial Narrow"/><w:sz w:val="16"/></w:rPr></w:pPr></w:p></w:tc><w:tc><w:tcPr><w:tcW w:w="425" w:type="dxa"/><w:shd w:val="clear" w:color="auto" w:fill="D9D9D9"/></w:tcPr><w:p w:rsidR="002B23C4" w:rsidRPr="00390ED8" w:rsidRDefault="002B23C4" w:rsidP="00417025"><w:pPr><w:rPr><w:rFonts w:ascii="Arial Narrow" w:hAnsi="Arial Narrow"/><w:sz w:val="16"/></w:rPr></w:pPr></w:p></w:tc><w:tc><w:tcPr><w:tcW w:w="567" w:type="dxa"/><w:shd w:val="clear" w:color="auto" w:fill="D9D9D9"/><w:vAlign w:val="bottom"/></w:tcPr><w:p w:rsidR="002B23C4" w:rsidRPr="00390ED8" w:rsidRDefault="002B23C4" w:rsidP="00DB091A"><w:pPr><w:rPr><w:rFonts w:ascii="Arial Narrow" w:hAnsi="Arial Narrow"/><w:sz w:val="16"/></w:rPr></w:pPr><w:r w:rsidRPr="00390ED8"><w:rPr><w:rFonts w:ascii="Arial Narrow" w:hAnsi="Arial Narrow"/><w:sz w:val="16"/></w:rPr><w:t>am:</w:t></w:r></w:p></w:tc><w:tc><w:tcPr><w:tcW w:w="850" w:type="dxa"/><w:tcBorders><w:bottom w:val="single" w:sz="4" w:space="0" w:color="auto"/></w:tcBorders><w:shd w:val="clear" w:color="auto" w:fill="D9D9D9"/></w:tcPr><w:p w:rsidR="002B23C4" w:rsidRPr="00390ED8" w:rsidRDefault="002B23C4" w:rsidP="00417025"><w:pPr><w:rPr><w:rFonts w:ascii="Arial Narrow" w:hAnsi="Arial Narrow"/><w:sz w:val="16"/></w:rPr></w:pPr></w:p></w:tc><w:tc><w:tcPr><w:tcW w:w="426" w:type="dxa"/><w:shd w:val="clear" w:color="auto" w:fill="D9D9D9"/><w:vAlign w:val="bottom"/></w:tcPr><w:p w:rsidR="002B23C4" w:rsidRPr="00390ED8" w:rsidRDefault="00DB091A" w:rsidP="00DB091A"><w:pPr><w:rPr><w:rFonts w:ascii="Arial Narrow" w:hAnsi="Arial Narrow"/><w:sz w:val="16"/></w:rPr></w:pPr><w:r w:rsidRPr="00390ED8"><w:rPr><w:rFonts w:ascii="Arial Narrow" w:hAnsi="Arial Narrow"/><w:sz w:val="16"/></w:rPr><w:t>an:</w:t></w:r></w:p></w:tc><w:tc><w:tcPr><w:tcW w:w="1701" w:type="dxa"/><w:gridSpan w:val="3"/><w:tcBorders><w:bottom w:val="single" w:sz="4" w:space="0" w:color="auto"/></w:tcBorders><w:shd w:val="clear" w:color="auto" w:fill="D9D9D9"/></w:tcPr><w:p w:rsidR="002B23C4" w:rsidRPr="00390ED8" w:rsidRDefault="002B23C4" w:rsidP="00417025"><w:pPr><w:rPr><w:rFonts w:ascii="Arial Narrow" w:hAnsi="Arial Narrow"/><w:sz w:val="16"/></w:rPr></w:pPr></w:p></w:tc></w:tr><w:tr w:rsidR="002B23C4" w:rsidRPr="00390ED8" w:rsidTr="00172D19"><w:trPr><w:trHeight w:val="164"/></w:trPr><w:tc><w:tcPr><w:tcW w:w="392" w:type="dxa"/><w:shd w:val="clear" w:color="auto" w:fill="D9D9D9"/></w:tcPr><w:p w:rsidR="002B23C4" w:rsidRPr="00390ED8" w:rsidRDefault="002B23C4" w:rsidP="00417025"><w:pPr><w:rPr><w:rFonts w:ascii="Arial Narrow" w:hAnsi="Arial Narrow"/><w:sz w:val="16"/></w:rPr></w:pPr></w:p></w:tc><w:tc><w:tcPr><w:tcW w:w="4394" w:type="dxa"/><w:gridSpan w:val="3"/><w:shd w:val="clear" w:color="auto" w:fill="D9D9D9"/></w:tcPr><w:p w:rsidR="002B23C4" w:rsidRPr="00390ED8" w:rsidRDefault="002B23C4" w:rsidP="00417025"><w:pPr><w:rPr><w:rFonts w:ascii="Arial Narrow" w:hAnsi="Arial Narrow"/><w:sz w:val="16"/></w:rPr></w:pPr></w:p></w:tc><w:tc><w:tcPr><w:tcW w:w="851" w:type="dxa"/><w:shd w:val="clear" w:color="auto" w:fill="auto"/></w:tcPr><w:p w:rsidR="002B23C4" w:rsidRPr="00390ED8" w:rsidRDefault="002B23C4" w:rsidP="00417025"><w:pPr><w:rPr><w:rFonts w:ascii="Arial Narrow" w:hAnsi="Arial Narrow"/><w:sz w:val="16"/></w:rPr></w:pPr></w:p></w:tc><w:tc><w:tcPr><w:tcW w:w="425" w:type="dxa"/><w:shd w:val="clear" w:color="auto" w:fill="D9D9D9"/></w:tcPr><w:p w:rsidR="002B23C4" w:rsidRPr="00390ED8" w:rsidRDefault="002B23C4" w:rsidP="00417025"><w:pPr><w:rPr><w:rFonts w:ascii="Arial Narrow" w:hAnsi="Arial Narrow"/><w:sz w:val="16"/></w:rPr></w:pPr></w:p></w:tc><w:tc><w:tcPr><w:tcW w:w="567" w:type="dxa"/><w:shd w:val="clear" w:color="auto" w:fill="D9D9D9"/></w:tcPr><w:p w:rsidR="002B23C4" w:rsidRPr="00390ED8" w:rsidRDefault="002B23C4" w:rsidP="00417025"><w:pPr><w:rPr><w:rFonts w:ascii="Arial Narrow" w:hAnsi="Arial Narrow"/><w:sz w:val="16"/></w:rPr></w:pPr></w:p></w:tc><w:tc><w:tcPr><w:tcW w:w="850" w:type="dxa"/><w:tcBorders><w:top w:val="single" w:sz="4" w:space="0" w:color="auto"/></w:tcBorders><w:shd w:val="clear" w:color="auto" w:fill="D9D9D9"/></w:tcPr><w:p w:rsidR="002B23C4" w:rsidRPr="00390ED8" w:rsidRDefault="002B23C4" w:rsidP="00417025"><w:pPr><w:rPr><w:rFonts w:ascii="Arial Narrow" w:hAnsi="Arial Narrow"/><w:sz w:val="16"/></w:rPr></w:pPr></w:p></w:tc><w:tc><w:tcPr><w:tcW w:w="426" w:type="dxa"/><w:shd w:val="clear" w:color="auto" w:fill="D9D9D9"/></w:tcPr><w:p w:rsidR="002B23C4" w:rsidRPr="00390ED8" w:rsidRDefault="002B23C4" w:rsidP="00417025"><w:pPr><w:rPr><w:rFonts w:ascii="Arial Narrow" w:hAnsi="Arial Narrow"/><w:sz w:val="16"/></w:rPr></w:pPr></w:p></w:tc><w:tc><w:tcPr><w:tcW w:w="1701" w:type="dxa"/><w:gridSpan w:val="3"/><w:tcBorders><w:top w:val="single" w:sz="4" w:space="0" w:color="auto"/></w:tcBorders><w:shd w:val="clear" w:color="auto" w:fill="D9D9D9"/></w:tcPr><w:p w:rsidR="002B23C4" w:rsidRPr="00390ED8" w:rsidRDefault="002B23C4" w:rsidP="00417025"><w:pPr><w:rPr><w:rFonts w:ascii="Arial Narrow" w:hAnsi="Arial Narrow"/><w:sz w:val="16"/></w:rPr></w:pPr></w:p></w:tc></w:tr><w:tr w:rsidR="00417025" w:rsidRPr="00390ED8" w:rsidTr="00172D19"><w:trPr><w:trHeight w:val="249"/></w:trPr><w:tc><w:tcPr><w:tcW w:w="392" w:type="dxa"/><w:shd w:val="clear" w:color="auto" w:fill="D9D9D9"/></w:tcPr><w:p w:rsidR="00417025" w:rsidRPr="00390ED8" w:rsidRDefault="00417025" w:rsidP="00417025"><w:pPr><w:rPr><w:rFonts w:ascii="Arial Narrow" w:hAnsi="Arial Narrow"/><w:sz w:val="16"/></w:rPr></w:pPr><w:r w:rsidRPr="00390ED8"><w:rPr><w:rFonts w:ascii="Arial Narrow" w:hAnsi="Arial Narrow"/><w:sz w:val="16"/></w:rPr><w:t>3.</w:t></w:r></w:p></w:tc><w:tc><w:tcPr><w:tcW w:w="4394" w:type="dxa"/><w:gridSpan w:val="3"/><w:shd w:val="clear" w:color="auto" w:fill="D9D9D9"/></w:tcPr><w:p w:rsidR="00417025" w:rsidRPr="00390ED8" w:rsidRDefault="007538A6" w:rsidP="00417025"><w:pPr><w:rPr><w:rFonts w:ascii="Arial Narrow" w:hAnsi="Arial Narrow"/><w:sz w:val="16"/></w:rPr></w:pPr><w:r><w:rPr><w:rFonts w:ascii="Arial Narrow" w:hAnsi="Arial Narrow"/><w:sz w:val="16"/></w:rPr><w:t>Liegenschaftskataster ist fortgeführt. (</w:t></w:r><w:r w:rsidRPr="00390ED8"><w:rPr><w:rFonts w:ascii="Arial Narrow" w:hAnsi="Arial Narrow"/><w:sz w:val="16"/></w:rPr><w:t xml:space="preserve">Übernahme in die </w:t></w:r><w:r><w:rPr><w:rFonts w:ascii="Arial Narrow" w:hAnsi="Arial Narrow"/><w:sz w:val="16"/></w:rPr><w:t>ALKIS</w:t></w:r><w:r w:rsidR="00172D19" w:rsidRPr="00172D19"><w:rPr><w:rFonts w:ascii="Arial Narrow" w:hAnsi="Arial Narrow"/><w:vertAlign w:val="superscript"/></w:rPr><w:t>®</w:t></w:r><w:r><w:rPr><w:rFonts w:ascii="Arial Narrow" w:hAnsi="Arial Narrow"/><w:sz w:val="16"/></w:rPr><w:t>-</w:t></w:r><w:r w:rsidRPr="00390ED8"><w:rPr><w:rFonts w:ascii="Arial Narrow" w:hAnsi="Arial Narrow"/><w:sz w:val="16"/></w:rPr><w:t>DHK</w:t></w:r><w:r><w:rPr><w:rFonts w:ascii="Arial Narrow" w:hAnsi="Arial Narrow"/><w:sz w:val="16"/></w:rPr><w:t>)</w:t></w:r><w:r w:rsidRPr="00390ED8"><w:rPr><w:rFonts w:ascii="Arial Narrow" w:hAnsi="Arial Narrow"/><w:sz w:val="16"/></w:rPr><w:t>:</w:t></w:r></w:p></w:tc><w:tc><w:tcPr><w:tcW w:w="851" w:type="dxa"/><w:shd w:val="clear" w:color="auto" w:fill="auto"/></w:tcPr><w:p w:rsidR="00417025" w:rsidRPr="00390ED8" w:rsidRDefault="00417025" w:rsidP="00417025"><w:pPr><w:rPr><w:rFonts w:ascii="Arial Narrow" w:hAnsi="Arial Narrow"/><w:sz w:val="16"/></w:rPr></w:pPr></w:p></w:tc><w:tc><w:tcPr><w:tcW w:w="425" w:type="dxa"/><w:shd w:val="clear" w:color="auto" w:fill="D9D9D9"/></w:tcPr><w:p w:rsidR="00417025" w:rsidRPr="00390ED8" w:rsidRDefault="00417025" w:rsidP="00417025"><w:pPr><w:rPr><w:rFonts w:ascii="Arial Narrow" w:hAnsi="Arial Narrow"/><w:sz w:val="16"/></w:rPr></w:pPr></w:p></w:tc><w:tc><w:tcPr><w:tcW w:w="567" w:type="dxa"/><w:shd w:val="clear" w:color="auto" w:fill="D9D9D9"/><w:vAlign w:val="bottom"/></w:tcPr><w:p w:rsidR="00417025" w:rsidRPr="00390ED8" w:rsidRDefault="00417025" w:rsidP="00417025"><w:pPr><w:rPr><w:rFonts w:ascii="Arial Narrow" w:hAnsi="Arial Narrow"/><w:sz w:val="16"/></w:rPr></w:pPr><w:r w:rsidRPr="00390ED8"><w:rPr><w:rFonts w:ascii="Arial Narrow" w:hAnsi="Arial Narrow"/><w:sz w:val="16"/></w:rPr><w:t>am:</w:t></w:r></w:p></w:tc><w:tc><w:tcPr><w:tcW w:w="850" w:type="dxa"/><w:tcBorders><w:bottom w:val="single" w:sz="4" w:space="0" w:color="auto"/></w:tcBorders><w:shd w:val="clear" w:color="auto" w:fill="D9D9D9"/></w:tcPr><w:p w:rsidR="00417025" w:rsidRPr="00390ED8" w:rsidRDefault="00417025" w:rsidP="00417025"><w:pPr><w:rPr><w:rFonts w:ascii="Arial Narrow" w:hAnsi="Arial Narrow"/><w:sz w:val="16"/></w:rPr></w:pPr></w:p></w:tc><w:tc><w:tcPr><w:tcW w:w="426" w:type="dxa"/><w:shd w:val="clear" w:color="auto" w:fill="D9D9D9"/><w:vAlign w:val="bottom"/></w:tcPr><w:p w:rsidR="00417025" w:rsidRPr="00390ED8" w:rsidRDefault="00417025" w:rsidP="00417025"><w:pPr><w:rPr><w:rFonts w:ascii="Arial Narrow" w:hAnsi="Arial Narrow"/><w:sz w:val="16"/></w:rPr></w:pPr><w:r w:rsidRPr="00390ED8"><w:rPr><w:rFonts w:ascii="Arial Narrow" w:hAnsi="Arial Narrow"/><w:sz w:val="16"/></w:rPr><w:t>an:</w:t></w:r></w:p></w:tc><w:tc><w:tcPr><w:tcW w:w="1701" w:type="dxa"/><w:gridSpan w:val="3"/><w:tcBorders><w:bottom w:val="single" w:sz="4" w:space="0" w:color="auto"/></w:tcBorders><w:shd w:val="clear" w:color="auto" w:fill="D9D9D9"/></w:tcPr><w:p w:rsidR="00417025" w:rsidRPr="00390ED8" w:rsidRDefault="00417025" w:rsidP="00417025"><w:pPr><w:rPr><w:rFonts w:ascii="Arial Narrow" w:hAnsi="Arial Narrow"/><w:sz w:val="16"/></w:rPr></w:pPr></w:p></w:tc></w:tr><w:tr w:rsidR="00EA65EE" w:rsidRPr="00390ED8" w:rsidTr="00A86B16"><w:trPr><w:trHeight w:val="248"/></w:trPr><w:tc><w:tcPr><w:tcW w:w="392" w:type="dxa"/><w:vMerge w:val="restart"/><w:shd w:val="clear" w:color="auto" w:fill="D9D9D9"/></w:tcPr><w:p w:rsidR="00EA65EE" w:rsidRPr="00390ED8" w:rsidRDefault="00EA65EE" w:rsidP="00417025"><w:pPr><w:rPr><w:rFonts w:ascii="Arial Narrow" w:hAnsi="Arial Narrow"/><w:sz w:val="16"/></w:rPr></w:pPr></w:p></w:tc><w:tc><w:tcPr><w:tcW w:w="2977" w:type="dxa"/><w:gridSpan w:val="2"/><w:vMerge w:val="restart"/><w:shd w:val="clear" w:color="auto" w:fill="D9D9D9"/><w:vAlign w:val="bottom"/></w:tcPr><w:p w:rsidR="00EA65EE" w:rsidRPr="00A86B16" w:rsidRDefault="00EA65EE" w:rsidP="00A86B16"><w:pPr><w:rPr><w:rFonts w:ascii="Arial Narrow" w:hAnsi="Arial Narrow"/><w:color w:val="FF0000"/><w:sz w:val="24"/><w:szCs w:val="24"/></w:rPr></w:pPr></w:p></w:tc><w:tc><w:tcPr><w:tcW w:w="1417" w:type="dxa"/><w:vMerge w:val="restart"/><w:shd w:val="clear" w:color="auto" w:fill="D9D9D9"/><w:vAlign w:val="bottom"/></w:tcPr><w:p w:rsidR="00EA65EE" w:rsidRPr="00A86B16" w:rsidRDefault="00EA65EE" w:rsidP="00A86B16"><w:pPr><w:rPr><w:rFonts w:ascii="Arial Narrow" w:hAnsi="Arial Narrow"/><w:sz w:val="24"/><w:szCs w:val="24"/></w:rPr></w:pPr></w:p></w:tc><w:tc><w:tcPr><w:tcW w:w="851" w:type="dxa"/><w:vMerge w:val="restart"/><w:shd w:val="clear" w:color="auto" w:fill="auto"/></w:tcPr><w:p w:rsidR="00EA65EE" w:rsidRPr="00390ED8" w:rsidRDefault="00EA65EE" w:rsidP="00417025"><w:pPr><w:rPr><w:rFonts w:ascii="Arial Narrow" w:hAnsi="Arial Narrow"/><w:sz w:val="16"/></w:rPr></w:pPr></w:p></w:tc><w:tc><w:tcPr><w:tcW w:w="425" w:type="dxa"/><w:vMerge w:val="restart"/><w:shd w:val="clear" w:color="auto" w:fill="D9D9D9"/></w:tcPr><w:p w:rsidR="00EA65EE" w:rsidRPr="00390ED8" w:rsidRDefault="00EA65EE" w:rsidP="00417025"><w:pPr><w:rPr><w:rFonts w:ascii="Arial Narrow" w:hAnsi="Arial Narrow"/><w:sz w:val="16"/></w:rPr></w:pPr></w:p></w:tc><w:tc><w:tcPr><w:tcW w:w="567" w:type="dxa"/><w:shd w:val="clear" w:color="auto" w:fill="D9D9D9"/></w:tcPr><w:p w:rsidR="00EA65EE" w:rsidRPr="00390ED8" w:rsidRDefault="00EA65EE" w:rsidP="00417025"><w:pPr><w:rPr><w:rFonts w:ascii="Arial Narrow" w:hAnsi="Arial Narrow"/><w:sz w:val="16"/></w:rPr></w:pPr></w:p></w:tc><w:tc><w:tcPr><w:tcW w:w="850" w:type="dxa"/><w:tcBorders><w:top w:val="single" w:sz="4" w:space="0" w:color="auto"/></w:tcBorders><w:shd w:val="clear" w:color="auto" w:fill="D9D9D9"/></w:tcPr><w:p w:rsidR="00EA65EE" w:rsidRPr="00390ED8" w:rsidRDefault="00EA65EE" w:rsidP="00417025"><w:pPr><w:rPr><w:rFonts w:ascii="Arial Narrow" w:hAnsi="Arial Narrow"/><w:sz w:val="16"/></w:rPr></w:pPr></w:p></w:tc><w:tc><w:tcPr><w:tcW w:w="426" w:type="dxa"/><w:vMerge w:val="restart"/><w:shd w:val="clear" w:color="auto" w:fill="D9D9D9"/><w:vAlign w:val="bottom"/></w:tcPr><w:p w:rsidR="00EA65EE" w:rsidRPr="00390ED8" w:rsidRDefault="002B23C4" w:rsidP="002B23C4"><w:pPr><w:rPr><w:rFonts w:ascii="Arial Narrow" w:hAnsi="Arial Narrow"/><w:sz w:val="16"/></w:rPr></w:pPr><w:r w:rsidRPr="00390ED8"><w:rPr><w:rFonts w:ascii="Arial Narrow" w:hAnsi="Arial Narrow"/><w:sz w:val="16"/></w:rPr><w:t>an:</w:t></w:r></w:p></w:tc><w:tc><w:tcPr><w:tcW w:w="1701" w:type="dxa"/><w:gridSpan w:val="3"/><w:vMerge w:val="restart"/><w:tcBorders><w:top w:val="single" w:sz="4" w:space="0" w:color="auto"/></w:tcBorders><w:shd w:val="clear" w:color="auto" w:fill="D9D9D9"/></w:tcPr><w:p w:rsidR="00EA65EE" w:rsidRPr="00390ED8" w:rsidRDefault="00EA65EE" w:rsidP="00417025"><w:pPr><w:rPr><w:rFonts w:ascii="Arial Narrow" w:hAnsi="Arial Narrow"/><w:sz w:val="16"/></w:rPr></w:pPr></w:p></w:tc></w:tr><w:tr w:rsidR="00EA65EE" w:rsidRPr="00390ED8" w:rsidTr="00172D19"><w:trPr><w:trHeight w:val="247"/></w:trPr><w:tc><w:tcPr><w:tcW w:w="392" w:type="dxa"/><w:vMerge/><w:shd w:val="clear" w:color="auto" w:fill="D9D9D9"/></w:tcPr><w:p w:rsidR="00EA65EE" w:rsidRPr="00390ED8" w:rsidRDefault="00EA65EE" w:rsidP="00417025"><w:pPr><w:rPr><w:rFonts w:ascii="Arial Narrow" w:hAnsi="Arial Narrow"/><w:sz w:val="16"/></w:rPr></w:pPr></w:p></w:tc><w:tc><w:tcPr><w:tcW w:w="2977" w:type="dxa"/><w:gridSpan w:val="2"/><w:vMerge/><w:tcBorders><w:bottom w:val="single" w:sz="4" w:space="0" w:color="auto"/></w:tcBorders><w:shd w:val="clear" w:color="auto" w:fill="D9D9D9"/></w:tcPr><w:p w:rsidR="00EA65EE" w:rsidRPr="00390ED8" w:rsidRDefault="00EA65EE" w:rsidP="00417025"><w:pPr><w:rPr><w:rFonts w:ascii="Arial Narrow" w:hAnsi="Arial Narrow"/><w:sz w:val="16"/></w:rPr></w:pPr></w:p></w:tc><w:tc><w:tcPr><w:tcW w:w="1417" w:type="dxa"/><w:vMerge/><w:tcBorders><w:bottom w:val="single" w:sz="4" w:space="0" w:color="auto"/></w:tcBorders><w:shd w:val="clear" w:color="auto" w:fill="D9D9D9"/><w:vAlign w:val="bottom"/></w:tcPr><w:p w:rsidR="00EA65EE" w:rsidRPr="00390ED8" w:rsidRDefault="00EA65EE" w:rsidP="00417025"><w:pPr><w:rPr><w:rFonts w:ascii="Arial Narrow" w:hAnsi="Arial Narrow"/><w:sz w:val="16"/></w:rPr></w:pPr></w:p></w:tc><w:tc><w:tcPr><w:tcW w:w="851" w:type="dxa"/><w:vMerge/><w:shd w:val="clear" w:color="auto" w:fill="auto"/></w:tcPr><w:p w:rsidR="00EA65EE" w:rsidRPr="00390ED8" w:rsidRDefault="00EA65EE" w:rsidP="00417025"><w:pPr><w:rPr><w:rFonts w:ascii="Arial Narrow" w:hAnsi="Arial Narrow"/><w:sz w:val="16"/></w:rPr></w:pPr></w:p></w:tc><w:tc><w:tcPr><w:tcW w:w="425" w:type="dxa"/><w:vMerge/><w:shd w:val="clear" w:color="auto" w:fill="D9D9D9"/></w:tcPr><w:p w:rsidR="00EA65EE" w:rsidRPr="00390ED8" w:rsidRDefault="00EA65EE" w:rsidP="00417025"><w:pPr><w:rPr><w:rFonts w:ascii="Arial Narrow" w:hAnsi="Arial Narrow"/><w:sz w:val="16"/></w:rPr></w:pPr></w:p></w:tc><w:tc><w:tcPr><w:tcW w:w="567" w:type="dxa"/><w:shd w:val="clear" w:color="auto" w:fill="D9D9D9"/><w:vAlign w:val="bottom"/></w:tcPr><w:p w:rsidR="00EA65EE" w:rsidRPr="00390ED8" w:rsidRDefault="00EA65EE" w:rsidP="002B23C4"><w:pPr><w:rPr><w:rFonts w:ascii="Arial Narrow" w:hAnsi="Arial Narrow"/><w:sz w:val="16"/></w:rPr></w:pPr><w:r w:rsidRPr="00390ED8"><w:rPr><w:rFonts w:ascii="Arial Narrow" w:hAnsi="Arial Narrow"/><w:sz w:val="16"/></w:rPr><w:t>am:</w:t></w:r></w:p></w:tc><w:tc><w:tcPr><w:tcW w:w="850" w:type="dxa"/><w:tcBorders><w:bottom w:val="single" w:sz="4" w:space="0" w:color="auto"/></w:tcBorders><w:shd w:val="clear" w:color="auto" w:fill="D9D9D9"/></w:tcPr><w:p w:rsidR="00EA65EE" w:rsidRPr="00390ED8" w:rsidRDefault="00EA65EE" w:rsidP="00417025"><w:pPr><w:rPr><w:rFonts w:ascii="Arial Narrow" w:hAnsi="Arial Narrow"/><w:sz w:val="16"/></w:rPr></w:pPr></w:p></w:tc><w:tc><w:tcPr><w:tcW w:w="426" w:type="dxa"/><w:vMerge/><w:shd w:val="clear" w:color="auto" w:fill="D9D9D9"/></w:tcPr><w:p w:rsidR="00EA65EE" w:rsidRPr="00390ED8" w:rsidRDefault="00EA65EE" w:rsidP="00417025"><w:pPr><w:rPr><w:rFonts w:ascii="Arial Narrow" w:hAnsi="Arial Narrow"/><w:sz w:val="16"/></w:rPr></w:pPr></w:p></w:tc><w:tc><w:tcPr><w:tcW w:w="1701" w:type="dxa"/><w:gridSpan w:val="3"/><w:vMerge/><w:tcBorders><w:bottom w:val="single" w:sz="4" w:space="0" w:color="auto"/></w:tcBorders><w:shd w:val="clear" w:color="auto" w:fill="D9D9D9"/></w:tcPr><w:p w:rsidR="00EA65EE" w:rsidRPr="00390ED8" w:rsidRDefault="00EA65EE" w:rsidP="00417025"><w:pPr><w:rPr><w:rFonts w:ascii="Arial Narrow" w:hAnsi="Arial Narrow"/><w:sz w:val="16"/></w:rPr></w:pPr></w:p></w:tc></w:tr><w:tr w:rsidR="00417025" w:rsidRPr="00390ED8" w:rsidTr="00172D19"><w:trPr><w:trHeight w:val="249"/></w:trPr><w:tc><w:tcPr><w:tcW w:w="392" w:type="dxa"/><w:shd w:val="clear" w:color="auto" w:fill="D9D9D9"/></w:tcPr><w:p w:rsidR="00417025" w:rsidRPr="00390ED8" w:rsidRDefault="00417025" w:rsidP="00417025"><w:pPr><w:rPr><w:rFonts w:ascii="Arial Narrow" w:hAnsi="Arial Narrow"/><w:sz w:val="16"/></w:rPr></w:pPr></w:p></w:tc><w:tc><w:tcPr><w:tcW w:w="4394" w:type="dxa"/><w:gridSpan w:val="3"/><w:shd w:val="clear" w:color="auto" w:fill="D9D9D9"/></w:tcPr><w:p w:rsidR="00417025" w:rsidRPr="00390ED8" w:rsidRDefault="00417025" w:rsidP="00417025"><w:pPr><w:rPr><w:rFonts w:ascii="Arial Narrow" w:hAnsi="Arial Narrow"/><w:sz w:val="16"/></w:rPr></w:pPr><w:r w:rsidRPr="00390ED8"><w:rPr><w:rFonts w:ascii="Arial Narrow" w:hAnsi="Arial Narrow"/><w:sz w:val="16"/></w:rPr><w:t>(Datum, Unterschrift, Amts- bzw. Berufsgruppenbezeichnung)</w:t></w:r></w:p></w:tc><w:tc><w:tcPr><w:tcW w:w="851" w:type="dxa"/><w:shd w:val="clear" w:color="auto" w:fill="auto"/></w:tcPr><w:p w:rsidR="00417025" w:rsidRPr="00390ED8" w:rsidRDefault="00417025" w:rsidP="00417025"><w:pPr><w:rPr><w:rFonts w:ascii="Arial Narrow" w:hAnsi="Arial Narrow"/><w:sz w:val="16"/></w:rPr></w:pPr></w:p></w:tc><w:tc><w:tcPr><w:tcW w:w="425" w:type="dxa"/><w:shd w:val="clear" w:color="auto" w:fill="D9D9D9"/></w:tcPr><w:p w:rsidR="00417025" w:rsidRPr="00390ED8" w:rsidRDefault="00417025" w:rsidP="00417025"><w:pPr><w:rPr><w:rFonts w:ascii="Arial Narrow" w:hAnsi="Arial Narrow"/><w:sz w:val="16"/></w:rPr></w:pPr></w:p></w:tc><w:tc><w:tcPr><w:tcW w:w="567" w:type="dxa"/><w:shd w:val="clear" w:color="auto" w:fill="D9D9D9"/><w:vAlign w:val="bottom"/></w:tcPr><w:p w:rsidR="00417025" w:rsidRPr="00390ED8" w:rsidRDefault="00417025" w:rsidP="00417025"><w:pPr><w:rPr><w:rFonts w:ascii="Arial Narrow" w:hAnsi="Arial Narrow"/><w:sz w:val="16"/></w:rPr></w:pPr></w:p></w:tc><w:tc><w:tcPr><w:tcW w:w="850" w:type="dxa"/><w:tcBorders><w:top w:val="single" w:sz="4" w:space="0" w:color="auto"/></w:tcBorders><w:shd w:val="clear" w:color="auto" w:fill="D9D9D9"/></w:tcPr><w:p w:rsidR="00417025" w:rsidRPr="00390ED8" w:rsidRDefault="00417025" w:rsidP="00417025"><w:pPr><w:rPr><w:rFonts w:ascii="Arial Narrow" w:hAnsi="Arial Narrow"/><w:sz w:val="16"/></w:rPr></w:pPr></w:p></w:tc><w:tc><w:tcPr><w:tcW w:w="426" w:type="dxa"/><w:shd w:val="clear" w:color="auto" w:fill="D9D9D9"/><w:vAlign w:val="bottom"/></w:tcPr><w:p w:rsidR="00417025" w:rsidRPr="00390ED8" w:rsidRDefault="00417025" w:rsidP="00417025"><w:pPr><w:rPr><w:rFonts w:ascii="Arial Narrow" w:hAnsi="Arial Narrow"/><w:sz w:val="16"/></w:rPr></w:pPr></w:p></w:tc><w:tc><w:tcPr><w:tcW w:w="1701" w:type="dxa"/><w:gridSpan w:val="3"/><w:tcBorders><w:top w:val="single" w:sz="4" w:space="0" w:color="auto"/></w:tcBorders><w:shd w:val="clear" w:color="auto" w:fill="D9D9D9"/></w:tcPr><w:p w:rsidR="00417025" w:rsidRPr="00390ED8" w:rsidRDefault="00417025" w:rsidP="00417025"><w:pPr><w:rPr><w:rFonts w:ascii="Arial Narrow" w:hAnsi="Arial Narrow"/><w:sz w:val="16"/></w:rPr></w:pPr></w:p></w:tc></w:tr></w:tbl><w:p w:rsidR="0083088E" w:rsidRDefault="0083088E" w:rsidP="00FF0CC6"><w:pPr><w:rPr><w:rFonts w:ascii="Arial Narrow" w:hAnsi="Arial Narrow"/></w:rPr></w:pPr></w:p><w:p w:rsidR="00A10356" w:rsidRDefault="00A10356" w:rsidP="00FF0CC6"><w:pPr><w:rPr><w:rFonts w:ascii="Arial Narrow" w:hAnsi="Arial Narrow"/></w:rPr></w:pPr></w:p><w:p w:rsidR="00A10356" w:rsidRDefault="00A10356" w:rsidP="00FF0CC6"><w:pPr><w:rPr><w:rFonts w:ascii="Arial Narrow" w:hAnsi="Arial Narrow"/></w:rPr></w:pPr></w:p><w:p w:rsidR="00A10356" w:rsidRDefault="00A10356" w:rsidP="00FF0CC6"><w:pPr><w:rPr><w:rFonts w:ascii="Arial Narrow" w:hAnsi="Arial Narrow"/></w:rPr></w:pPr></w:p><w:p w:rsidR="00A10356" w:rsidRDefault="00A10356" w:rsidP="00FF0CC6"><w:pPr><w:rPr><w:rFonts w:ascii="Arial Narrow" w:hAnsi="Arial Narrow"/></w:rPr></w:pPr><w:bookmarkStart w:id="0" w:name="_GoBack"/><w:bookmarkEnd w:id="0"/></w:p><w:p w:rsidR="00A10356" w:rsidRPr="00FF0CC6" w:rsidRDefault="00A10356" w:rsidP="00FF0CC6"><w:pPr><w:rPr><w:rFonts w:ascii="Arial Narrow" w:hAnsi="Arial Narrow"/></w:rPr></w:pPr></w:p><w:tbl><w:tblPr><w:tblW w:w="9610" w:type="dxa"/><w:tblInd w:w="-4" w:type="dxa"/><w:tblBorders><w:top w:val="single" w:sz="4" w:space="0" w:color="auto"/><w:left w:val="single" w:sz="4" w:space="0" w:color="auto"/><w:bottom w:val="single" w:sz="4" w:space="0" w:color="auto"/><w:right w:val="single" w:sz="4" w:space="0" w:color="auto"/><w:insideH w:val="single" w:sz="4" w:space="0" w:color="auto"/><w:insideV w:val="single" w:sz="4" w:space="0" w:color="auto"/></w:tblBorders><w:shd w:val="clear" w:color="auto" w:fill="D9D9D9"/><w:tblLayout w:type="fixed"/><w:tblLook w:val="01E0" w:firstRow="1" w:lastRow="1" w:firstColumn="1" w:lastColumn="1" w:noHBand="0" w:noVBand="0"/></w:tblPr><w:tblGrid><w:gridCol w:w="4284"/><w:gridCol w:w="418"/><w:gridCol w:w="4482"/><w:gridCol w:w="426"/></w:tblGrid><w:tr w:rsidR="00784E78" w:rsidRPr="008953FE" w:rsidTr="008953FE"><w:trPr><w:trHeight w:val="340"/></w:trPr><w:tc><w:tcPr><w:tcW w:w="9610" w:type="dxa"/><w:gridSpan w:val="4"/><w:shd w:val="clear" w:color="auto" w:fill="D9D9D9"/></w:tcPr><w:p w:rsidR="00784E78" w:rsidRPr="008953FE" w:rsidRDefault="00784E78" w:rsidP="008953FE"><w:pPr><w:shd w:val="clear" w:color="auto" w:fill="EAEAEA"/><w:ind w:left="57"/><w:rPr><w:rFonts w:ascii="Arial Narrow" w:hAnsi="Arial Narrow"/><w:b/><w:sz w:val="24"/><w:szCs w:val="24"/></w:rPr></w:pPr><w:r w:rsidRPr="008953FE"><w:rPr><w:rFonts w:ascii="Arial Narrow" w:hAnsi="Arial Narrow"/><w:b/><w:sz w:val="24"/><w:szCs w:val="24"/></w:rPr><w:t>Notwendige Geschäftsprozesse</w:t></w:r></w:p></w:tc></w:tr><w:tr w:rsidR="00784E78" w:rsidRPr="008953FE" w:rsidTr="008953FE"><w:trPr><w:trHeight w:val="340"/></w:trPr><w:tc><w:tcPr><w:tcW w:w="4284" w:type="dxa"/><w:shd w:val="clear" w:color="auto" w:fill="D9D9D9"/></w:tcPr><w:p w:rsidR="00784E78" w:rsidRPr="008953FE" w:rsidRDefault="00784E78" w:rsidP="008953FE"><w:pPr><w:shd w:val="clear" w:color="auto" w:fill="EAEAEA"/><w:rPr><w:rFonts w:ascii="Arial Narrow" w:hAnsi="Arial Narrow"/></w:rPr></w:pPr><w:r w:rsidRPr="008953FE"><w:rPr><w:rFonts w:ascii="Arial Narrow" w:hAnsi="Arial Narrow"/></w:rPr><w:t xml:space="preserve">Grenzvermessung </w:t></w:r></w:p></w:tc><w:tc><w:tcPr><w:tcW w:w="418" w:type="dxa"/><w:shd w:val="clear" w:color="auto" w:fill="D9D9D9"/></w:tcPr><w:p w:rsidR="00784E78" w:rsidRPr="008953FE" w:rsidRDefault="00784E78" w:rsidP="008953FE"><w:pPr><w:shd w:val="clear" w:color="auto" w:fill="EAEAEA"/><w:rPr><w:rFonts w:ascii="Arial Narrow" w:hAnsi="Arial Narrow"/></w:rPr></w:pPr></w:p></w:tc><w:tc><w:tcPr><w:tcW w:w="4482" w:type="dxa"/><w:shd w:val="clear" w:color="auto" w:fill="D9D9D9"/></w:tcPr><w:p w:rsidR="00784E78" w:rsidRPr="008953FE" w:rsidRDefault="00784E78" w:rsidP="008953FE"><w:pPr><w:shd w:val="clear" w:color="auto" w:fill="EAEAEA"/><w:rPr><w:rFonts w:ascii="Arial Narrow" w:hAnsi="Arial Narrow"/></w:rPr></w:pPr><w:r w:rsidRPr="008953FE"><w:rPr><w:rFonts w:ascii="Arial Narrow" w:hAnsi="Arial Narrow"/></w:rPr><w:t>Topografie und Bauwerke</w:t></w:r></w:p></w:tc><w:tc><w:tcPr><w:tcW w:w="426" w:type="dxa"/><w:shd w:val="clear" w:color="auto" w:fill="D9D9D9"/></w:tcPr><w:p w:rsidR="00784E78" w:rsidRPr="008953FE" w:rsidRDefault="009A3F03" w:rsidP="008953FE"><w:pPr><w:shd w:val="clear" w:color="auto" w:fill="EAEAEA"/><w:rPr><w:rFonts w:ascii="Arial Narrow" w:hAnsi="Arial Narrow"/></w:rPr></w:pPr><w:r><w:rPr><w:rFonts w:ascii="Arial Narrow" w:hAnsi="Arial Narrow"/></w:rPr><w:t>B</w:t></w:r></w:p></w:tc></w:tr><w:tr w:rsidR="00784E78" w:rsidRPr="008953FE" w:rsidTr="008953FE"><w:trPr><w:trHeight w:val="340"/></w:trPr><w:tc><w:tcPr><w:tcW w:w="4284" w:type="dxa"/><w:shd w:val="clear" w:color="auto" w:fill="D9D9D9"/></w:tcPr><w:p w:rsidR="00784E78" w:rsidRPr="008953FE" w:rsidRDefault="00784E78" w:rsidP="008953FE"><w:pPr><w:shd w:val="clear" w:color="auto" w:fill="EAEAEA"/><w:rPr><w:rFonts w:ascii="Arial Narrow" w:hAnsi="Arial Narrow"/></w:rPr></w:pPr><w:r w:rsidRPr="008953FE"><w:rPr><w:rFonts w:ascii="Arial Narrow" w:hAnsi="Arial Narrow"/></w:rPr><w:t>Verschmelzung oder Zerlegung</w:t></w:r></w:p></w:tc><w:tc><w:tcPr><w:tcW w:w="418" w:type="dxa"/><w:shd w:val="clear" w:color="auto" w:fill="D9D9D9"/></w:tcPr><w:p w:rsidR="00784E78" w:rsidRPr="008953FE" w:rsidRDefault="00784E78" w:rsidP="008953FE"><w:pPr><w:shd w:val="clear" w:color="auto" w:fill="EAEAEA"/><w:rPr><w:rFonts w:ascii="Arial Narrow" w:hAnsi="Arial Narrow"/></w:rPr></w:pPr></w:p></w:tc><w:tc><w:tcPr><w:tcW w:w="4482" w:type="dxa"/><w:shd w:val="clear" w:color="auto" w:fill="D9D9D9"/></w:tcPr><w:p w:rsidR="00784E78" w:rsidRPr="008953FE" w:rsidRDefault="00784E78" w:rsidP="008953FE"><w:pPr><w:shd w:val="clear" w:color="auto" w:fill="EAEAEA"/><w:rPr><w:rFonts w:ascii="Arial Narrow" w:hAnsi="Arial Narrow"/></w:rPr></w:pPr><w:r w:rsidRPr="008953FE"><w:rPr><w:rFonts w:ascii="Arial Narrow" w:hAnsi="Arial Narrow"/></w:rPr><w:t>Angaben zum Flurstück</w:t></w:r></w:p></w:tc><w:tc><w:tcPr><w:tcW w:w="426" w:type="dxa"/><w:shd w:val="clear" w:color="auto" w:fill="D9D9D9"/></w:tcPr><w:p w:rsidR="00784E78" w:rsidRPr="008953FE" w:rsidRDefault="00784E78" w:rsidP="008953FE"><w:pPr><w:shd w:val="clear" w:color="auto" w:fill="EAEAEA"/><w:rPr><w:rFonts w:ascii="Arial Narrow" w:hAnsi="Arial Narrow"/></w:rPr></w:pPr></w:p></w:tc></w:tr><w:tr w:rsidR="00162BAE" w:rsidRPr="008953FE" w:rsidTr="008953FE"><w:trPr><w:trHeight w:val="340"/></w:trPr><w:tc><w:tcPr><w:tcW w:w="4284" w:type="dxa"/><w:shd w:val="clear" w:color="auto" w:fill="D9D9D9"/></w:tcPr><w:p w:rsidR="00784E78" w:rsidRPr="008953FE" w:rsidRDefault="00784E78" w:rsidP="008953FE"><w:pPr><w:shd w:val="clear" w:color="auto" w:fill="EAEAEA"/><w:rPr><w:rFonts w:ascii="Arial Narrow" w:hAnsi="Arial Narrow"/></w:rPr></w:pPr><w:r w:rsidRPr="008953FE"><w:rPr><w:rFonts w:ascii="Arial Narrow" w:hAnsi="Arial Narrow"/></w:rPr><w:t>Angaben zur Lage</w:t></w:r></w:p></w:tc><w:tc><w:tcPr><w:tcW w:w="418" w:type="dxa"/><w:shd w:val="clear" w:color="auto" w:fill="D9D9D9"/></w:tcPr><w:p w:rsidR="00784E78" w:rsidRPr="008953FE" w:rsidRDefault="00784E78" w:rsidP="008953FE"><w:pPr><w:shd w:val="clear" w:color="auto" w:fill="EAEAEA"/><w:rPr><w:rFonts w:ascii="Arial Narrow" w:hAnsi="Arial Narrow"/></w:rPr></w:pPr></w:p></w:tc><w:tc><w:tcPr><w:tcW w:w="4482" w:type="dxa"/><w:shd w:val="clear" w:color="auto" w:fill="D9D9D9"/></w:tcPr><w:p w:rsidR="00784E78" w:rsidRPr="008953FE" w:rsidRDefault="00784E78" w:rsidP="008953FE"><w:pPr><w:shd w:val="clear" w:color="auto" w:fill="EAEAEA"/><w:rPr><w:rFonts w:ascii="Arial Narrow" w:hAnsi="Arial Narrow"/></w:rPr></w:pPr><w:r w:rsidRPr="008953FE"><w:rPr><w:rFonts w:ascii="Arial Narrow" w:hAnsi="Arial Narrow"/></w:rPr><w:t>Öffentlich</w:t></w:r><w:r w:rsidR="00FA50A6" w:rsidRPr="008953FE"><w:rPr><w:rFonts w:ascii="Arial Narrow" w:hAnsi="Arial Narrow"/></w:rPr><w:t>-</w:t></w:r><w:r w:rsidRPr="008953FE"><w:rPr><w:rFonts w:ascii="Arial Narrow" w:hAnsi="Arial Narrow"/></w:rPr><w:t>rechtliche Festlegungen</w:t></w:r></w:p></w:tc><w:tc><w:tcPr><w:tcW w:w="426" w:type="dxa"/><w:shd w:val="clear" w:color="auto" w:fill="D9D9D9"/></w:tcPr><w:p w:rsidR="00784E78" w:rsidRPr="008953FE" w:rsidRDefault="00784E78" w:rsidP="008953FE"><w:pPr><w:shd w:val="clear" w:color="auto" w:fill="EAEAEA"/><w:rPr><w:rFonts w:ascii="Arial Narrow" w:hAnsi="Arial Narrow"/></w:rPr></w:pPr></w:p></w:tc></w:tr><w:tr w:rsidR="00162BAE" w:rsidRPr="008953FE" w:rsidTr="008953FE"><w:trPr><w:trHeight w:val="340"/></w:trPr><w:tc><w:tcPr><w:tcW w:w="4284" w:type="dxa"/><w:shd w:val="clear" w:color="auto" w:fill="D9D9D9"/></w:tcPr><w:p w:rsidR="00784E78" w:rsidRPr="008953FE" w:rsidRDefault="00784E78" w:rsidP="008953FE"><w:pPr><w:shd w:val="clear" w:color="auto" w:fill="EAEAEA"/><w:rPr><w:rFonts w:ascii="Arial Narrow" w:hAnsi="Arial Narrow"/></w:rPr></w:pPr><w:r w:rsidRPr="008953FE"><w:rPr><w:rFonts w:ascii="Arial Narrow" w:hAnsi="Arial Narrow"/></w:rPr><w:t>Angaben zu baulichen Anlagen</w:t></w:r></w:p></w:tc><w:tc><w:tcPr><w:tcW w:w="418" w:type="dxa"/><w:shd w:val="clear" w:color="auto" w:fill="D9D9D9"/></w:tcPr><w:p w:rsidR="00784E78" w:rsidRPr="008953FE" w:rsidRDefault="00784E78" w:rsidP="008953FE"><w:pPr><w:shd w:val="clear" w:color="auto" w:fill="EAEAEA"/><w:rPr><w:rFonts w:ascii="Arial Narrow" w:hAnsi="Arial Narrow"/></w:rPr></w:pPr></w:p></w:tc><w:tc><w:tcPr><w:tcW w:w="4482" w:type="dxa"/><w:shd w:val="clear" w:color="auto" w:fill="D9D9D9"/></w:tcPr><w:p w:rsidR="00784E78" w:rsidRPr="008953FE" w:rsidRDefault="0047323A" w:rsidP="008953FE"><w:pPr><w:shd w:val="clear" w:color="auto" w:fill="EAEAEA"/><w:rPr><w:rFonts w:ascii="Arial Narrow" w:hAnsi="Arial Narrow"/></w:rPr></w:pPr><w:r w:rsidRPr="008953FE"><w:rPr><w:rFonts w:ascii="Arial Narrow" w:hAnsi="Arial Narrow"/></w:rPr><w:t>Gebietseinheiten</w:t></w:r></w:p></w:tc><w:tc><w:tcPr><w:tcW w:w="426" w:type="dxa"/><w:shd w:val="clear" w:color="auto" w:fill="D9D9D9"/></w:tcPr><w:p w:rsidR="00784E78" w:rsidRPr="008953FE" w:rsidRDefault="00784E78" w:rsidP="008953FE"><w:pPr><w:shd w:val="clear" w:color="auto" w:fill="EAEAEA"/><w:rPr><w:rFonts w:ascii="Arial Narrow" w:hAnsi="Arial Narrow"/></w:rPr></w:pPr></w:p></w:tc></w:tr><w:tr w:rsidR="00784E78" w:rsidRPr="008953FE" w:rsidTr="008953FE"><w:trPr><w:trHeight w:val="340"/></w:trPr><w:tc><w:tcPr><w:tcW w:w="4284" w:type="dxa"/><w:shd w:val="clear" w:color="auto" w:fill="D9D9D9"/></w:tcPr><w:p w:rsidR="00784E78" w:rsidRPr="008953FE" w:rsidRDefault="00784E78" w:rsidP="008953FE"><w:pPr><w:shd w:val="clear" w:color="auto" w:fill="EAEAEA"/><w:rPr><w:rFonts w:ascii="Arial Narrow" w:hAnsi="Arial Narrow"/></w:rPr></w:pPr><w:r w:rsidRPr="008953FE"><w:rPr><w:rFonts w:ascii="Arial Narrow" w:hAnsi="Arial Narrow"/></w:rPr><w:t>Tatsächliche Nutzung</w:t></w:r></w:p></w:tc><w:tc><w:tcPr><w:tcW w:w="418" w:type="dxa"/><w:shd w:val="clear" w:color="auto" w:fill="D9D9D9"/></w:tcPr><w:p w:rsidR="00784E78" w:rsidRPr="008953FE" w:rsidRDefault="009A3F03" w:rsidP="008953FE"><w:pPr><w:shd w:val="clear" w:color="auto" w:fill="EAEAEA"/><w:rPr><w:rFonts w:ascii="Arial Narrow" w:hAnsi="Arial Narrow"/></w:rPr></w:pPr><w:r><w:rPr><w:rFonts w:ascii="Arial Narrow" w:hAnsi="Arial Narrow"/></w:rPr><w:t>T</w:t></w:r></w:p></w:tc><w:tc><w:tcPr><w:tcW w:w="4482" w:type="dxa"/><w:shd w:val="clear" w:color="auto" w:fill="D9D9D9"/></w:tcPr><w:p w:rsidR="00784E78" w:rsidRPr="008953FE" w:rsidRDefault="0047323A" w:rsidP="008953FE"><w:pPr><w:shd w:val="clear" w:color="auto" w:fill="EAEAEA"/><w:rPr><w:rFonts w:ascii="Arial Narrow" w:hAnsi="Arial Narrow"/></w:rPr></w:pPr><w:r w:rsidRPr="008953FE"><w:rPr><w:rFonts w:ascii="Arial Narrow" w:hAnsi="Arial Narrow"/></w:rPr><w:t>Katasteramtsbezirk</w:t></w:r></w:p></w:tc><w:tc><w:tcPr><w:tcW w:w="426" w:type="dxa"/><w:shd w:val="clear" w:color="auto" w:fill="D9D9D9"/></w:tcPr><w:p w:rsidR="00784E78" w:rsidRPr="008953FE" w:rsidRDefault="00784E78" w:rsidP="008953FE"><w:pPr><w:shd w:val="clear" w:color="auto" w:fill="EAEAEA"/><w:rPr><w:rFonts w:ascii="Arial Narrow" w:hAnsi="Arial Narrow"/></w:rPr></w:pPr></w:p></w:tc></w:tr><w:tr w:rsidR="00784E78" w:rsidRPr="008953FE" w:rsidTr="008953FE"><w:trPr><w:trHeight w:val="340"/></w:trPr><w:tc><w:tcPr><w:tcW w:w="4284" w:type="dxa"/><w:shd w:val="clear" w:color="auto" w:fill="D9D9D9"/></w:tcPr><w:p w:rsidR="00784E78" w:rsidRPr="008953FE" w:rsidRDefault="00784E78" w:rsidP="008953FE"><w:pPr><w:shd w:val="clear" w:color="auto" w:fill="EAEAEA"/><w:rPr><w:rFonts w:ascii="Arial Narrow" w:hAnsi="Arial Narrow"/></w:rPr></w:pPr><w:r w:rsidRPr="008953FE"><w:rPr><w:rFonts w:ascii="Arial Narrow" w:hAnsi="Arial Narrow"/></w:rPr><w:t>Berichtigung ohne Änderung FKZ</w:t></w:r></w:p></w:tc><w:tc><w:tcPr><w:tcW w:w="418" w:type="dxa"/><w:shd w:val="clear" w:color="auto" w:fill="D9D9D9"/></w:tcPr><w:p w:rsidR="00784E78" w:rsidRPr="008953FE" w:rsidRDefault="00784E78" w:rsidP="008953FE"><w:pPr><w:shd w:val="clear" w:color="auto" w:fill="EAEAEA"/><w:rPr><w:rFonts w:ascii="Arial Narrow" w:hAnsi="Arial Narrow"/></w:rPr></w:pPr></w:p></w:tc><w:tc><w:tcPr><w:tcW w:w="4482" w:type="dxa"/><w:shd w:val="clear" w:color="auto" w:fill="D9D9D9"/></w:tcPr><w:p w:rsidR="00784E78" w:rsidRPr="008953FE" w:rsidRDefault="0047323A" w:rsidP="008953FE"><w:pPr><w:shd w:val="clear" w:color="auto" w:fill="EAEAEA"/><w:rPr><w:rFonts w:ascii="Arial Narrow" w:hAnsi="Arial Narrow"/></w:rPr></w:pPr><w:r w:rsidRPr="008953FE"><w:rPr><w:rFonts w:ascii="Arial Narrow" w:hAnsi="Arial Narrow"/></w:rPr><w:t>Vermessungspunktfeld</w:t></w:r></w:p></w:tc><w:tc><w:tcPr><w:tcW w:w="426" w:type="dxa"/><w:shd w:val="clear" w:color="auto" w:fill="D9D9D9"/></w:tcPr><w:p w:rsidR="00784E78" w:rsidRPr="008953FE" w:rsidRDefault="00784E78" w:rsidP="008953FE"><w:pPr><w:shd w:val="clear" w:color="auto" w:fill="EAEAEA"/><w:rPr><w:rFonts w:ascii="Arial Narrow" w:hAnsi="Arial Narrow"/></w:rPr></w:pPr></w:p></w:tc></w:tr><w:tr w:rsidR="00784E78" w:rsidRPr="008953FE" w:rsidTr="008953FE"><w:trPr><w:trHeight w:val="340"/></w:trPr><w:tc><w:tcPr><w:tcW w:w="4284" w:type="dxa"/><w:shd w:val="clear" w:color="auto" w:fill="D9D9D9"/></w:tcPr><w:p w:rsidR="00784E78" w:rsidRPr="008953FE" w:rsidRDefault="00784E78" w:rsidP="008953FE"><w:pPr><w:shd w:val="clear" w:color="auto" w:fill="EAEAEA"/><w:rPr><w:rFonts w:ascii="Arial Narrow" w:hAnsi="Arial Narrow"/></w:rPr></w:pPr><w:r w:rsidRPr="008953FE"><w:rPr><w:rFonts w:ascii="Arial Narrow" w:hAnsi="Arial Narrow"/></w:rPr><w:t>Berichtigung mit Änderung FKZ</w:t></w:r></w:p></w:tc><w:tc><w:tcPr><w:tcW w:w="418" w:type="dxa"/><w:shd w:val="clear" w:color="auto" w:fill="D9D9D9"/></w:tcPr><w:p w:rsidR="00784E78" w:rsidRPr="008953FE" w:rsidRDefault="00784E78" w:rsidP="008953FE"><w:pPr><w:shd w:val="clear" w:color="auto" w:fill="EAEAEA"/><w:rPr><w:rFonts w:ascii="Arial Narrow" w:hAnsi="Arial Narrow"/></w:rPr></w:pPr></w:p></w:tc><w:tc><w:tcPr><w:tcW w:w="4482" w:type="dxa"/><w:shd w:val="clear" w:color="auto" w:fill="D9D9D9"/></w:tcPr><w:p w:rsidR="00784E78" w:rsidRPr="008953FE" w:rsidRDefault="00784E78" w:rsidP="008953FE"><w:pPr><w:shd w:val="clear" w:color="auto" w:fill="EAEAEA"/><w:rPr><w:rFonts w:ascii="Arial Narrow" w:hAnsi="Arial Narrow"/></w:rPr></w:pPr></w:p></w:tc><w:tc><w:tcPr><w:tcW w:w="426" w:type="dxa"/><w:shd w:val="clear" w:color="auto" w:fill="D9D9D9"/></w:tcPr><w:p w:rsidR="00784E78" w:rsidRPr="008953FE" w:rsidRDefault="00784E78" w:rsidP="008953FE"><w:pPr><w:shd w:val="clear" w:color="auto" w:fill="EAEAEA"/><w:rPr><w:rFonts w:ascii="Arial Narrow" w:hAnsi="Arial Narrow"/></w:rPr></w:pPr></w:p></w:tc></w:tr><w:tr w:rsidR="00784E78" w:rsidRPr="008953FE" w:rsidTr="008953FE"><w:trPr><w:trHeight w:val="340"/></w:trPr><w:tc><w:tcPr><w:tcW w:w="4284" w:type="dxa"/><w:shd w:val="clear" w:color="auto" w:fill="D9D9D9"/></w:tcPr><w:p w:rsidR="00784E78" w:rsidRPr="008953FE" w:rsidRDefault="00784E78" w:rsidP="008953FE"><w:pPr><w:shd w:val="clear" w:color="auto" w:fill="EAEAEA"/><w:rPr><w:rFonts w:ascii="Arial Narrow" w:hAnsi="Arial Narrow"/><w:u w:val="single"/></w:rPr></w:pPr><w:r w:rsidRPr="008953FE"><w:rPr><w:rFonts w:ascii="Arial Narrow" w:hAnsi="Arial Narrow"/><w:u w:val="single"/></w:rPr><w:t>Übernahme von Verfahren:</w:t></w:r></w:p></w:tc><w:tc><w:tcPr><w:tcW w:w="418" w:type="dxa"/><w:shd w:val="clear" w:color="auto" w:fill="D9D9D9"/></w:tcPr><w:p w:rsidR="00784E78" w:rsidRPr="008953FE" w:rsidRDefault="00784E78" w:rsidP="008953FE"><w:pPr><w:shd w:val="clear" w:color="auto" w:fill="EAEAEA"/><w:rPr><w:rFonts w:ascii="Arial Narrow" w:hAnsi="Arial Narrow"/></w:rPr></w:pPr></w:p></w:tc><w:tc><w:tcPr><w:tcW w:w="4482" w:type="dxa"/><w:shd w:val="clear" w:color="auto" w:fill="D9D9D9"/></w:tcPr><w:p w:rsidR="00784E78" w:rsidRPr="008953FE" w:rsidRDefault="00162BAE" w:rsidP="008953FE"><w:pPr><w:shd w:val="clear" w:color="auto" w:fill="EAEAEA"/><w:rPr><w:rFonts w:ascii="Arial Narrow" w:hAnsi="Arial Narrow"/><w:u w:val="single"/></w:rPr></w:pPr><w:r w:rsidRPr="008953FE"><w:rPr><w:rFonts w:ascii="Arial Narrow" w:hAnsi="Arial Narrow"/><w:u w:val="single"/></w:rPr><w:t>Homogenisierung:</w:t></w:r></w:p></w:tc><w:tc><w:tcPr><w:tcW w:w="426" w:type="dxa"/><w:shd w:val="clear" w:color="auto" w:fill="D9D9D9"/></w:tcPr><w:p w:rsidR="00784E78" w:rsidRPr="008953FE" w:rsidRDefault="00784E78" w:rsidP="008953FE"><w:pPr><w:shd w:val="clear" w:color="auto" w:fill="EAEAEA"/><w:rPr><w:rFonts w:ascii="Arial Narrow" w:hAnsi="Arial Narrow"/></w:rPr></w:pPr></w:p></w:tc></w:tr><w:tr w:rsidR="00784E78" w:rsidRPr="008953FE" w:rsidTr="008953FE"><w:trPr><w:trHeight w:val="340"/></w:trPr><w:tc><w:tcPr><w:tcW w:w="4284" w:type="dxa"/><w:shd w:val="clear" w:color="auto" w:fill="D9D9D9"/></w:tcPr><w:p w:rsidR="00784E78" w:rsidRPr="008953FE" w:rsidRDefault="00784E78" w:rsidP="008953FE"><w:pPr><w:shd w:val="clear" w:color="auto" w:fill="EAEAEA"/><w:rPr><w:rFonts w:ascii="Arial Narrow" w:hAnsi="Arial Narrow"/></w:rPr></w:pPr><w:r w:rsidRPr="008953FE"><w:rPr><w:rFonts w:ascii="Arial Narrow" w:hAnsi="Arial Narrow"/></w:rPr><w:t>a) Bodenordnungsmaßnahmen</w:t></w:r></w:p></w:tc><w:tc><w:tcPr><w:tcW w:w="418" w:type="dxa"/><w:shd w:val="clear" w:color="auto" w:fill="D9D9D9"/></w:tcPr><w:p w:rsidR="00784E78" w:rsidRPr="008953FE" w:rsidRDefault="00784E78" w:rsidP="008953FE"><w:pPr><w:shd w:val="clear" w:color="auto" w:fill="EAEAEA"/><w:rPr><w:rFonts w:ascii="Arial Narrow" w:hAnsi="Arial Narrow"/></w:rPr></w:pPr></w:p></w:tc><w:tc><w:tcPr><w:tcW w:w="4482" w:type="dxa"/><w:shd w:val="clear" w:color="auto" w:fill="D9D9D9"/></w:tcPr><w:p w:rsidR="00784E78" w:rsidRPr="008953FE" w:rsidRDefault="00162BAE" w:rsidP="008953FE"><w:pPr><w:shd w:val="clear" w:color="auto" w:fill="EAEAEA"/><w:rPr><w:rFonts w:ascii="Arial Narrow" w:hAnsi="Arial Narrow"/></w:rPr></w:pPr><w:r w:rsidRPr="008953FE"><w:rPr><w:rFonts w:ascii="Arial Narrow" w:hAnsi="Arial Narrow"/></w:rPr><w:t>Koordinatentausch ohne Bedingungen</w:t></w:r></w:p></w:tc><w:tc><w:tcPr><w:tcW w:w="426" w:type="dxa"/><w:shd w:val="clear" w:color="auto" w:fill="D9D9D9"/></w:tcPr><w:p w:rsidR="00784E78" w:rsidRPr="008953FE" w:rsidRDefault="00784E78" w:rsidP="008953FE"><w:pPr><w:shd w:val="clear" w:color="auto" w:fill="EAEAEA"/><w:rPr><w:rFonts w:ascii="Arial Narrow" w:hAnsi="Arial Narrow"/></w:rPr></w:pPr></w:p></w:tc></w:tr><w:tr w:rsidR="00784E78" w:rsidRPr="008953FE" w:rsidTr="008953FE"><w:trPr><w:trHeight w:val="340"/></w:trPr><w:tc><w:tcPr><w:tcW w:w="4284" w:type="dxa"/><w:shd w:val="clear" w:color="auto" w:fill="D9D9D9"/></w:tcPr><w:p w:rsidR="00784E78" w:rsidRPr="008953FE" w:rsidRDefault="00784E78" w:rsidP="008953FE"><w:pPr><w:shd w:val="clear" w:color="auto" w:fill="EAEAEA"/><w:rPr><w:rFonts w:ascii="Arial Narrow" w:hAnsi="Arial Narrow"/></w:rPr></w:pPr><w:r w:rsidRPr="008953FE"><w:rPr><w:rFonts w:ascii="Arial Narrow" w:hAnsi="Arial Narrow"/></w:rPr><w:t>b) Flurbereinigungsverfahren</w:t></w:r></w:p></w:tc><w:tc><w:tcPr><w:tcW w:w="418" w:type="dxa"/><w:shd w:val="clear" w:color="auto" w:fill="D9D9D9"/></w:tcPr><w:p w:rsidR="00784E78" w:rsidRPr="008953FE" w:rsidRDefault="00784E78" w:rsidP="008953FE"><w:pPr><w:shd w:val="clear" w:color="auto" w:fill="EAEAEA"/><w:rPr><w:rFonts w:ascii="Arial Narrow" w:hAnsi="Arial Narrow"/></w:rPr></w:pPr></w:p></w:tc><w:tc><w:tcPr><w:tcW w:w="4482" w:type="dxa"/><w:shd w:val="clear" w:color="auto" w:fill="D9D9D9"/></w:tcPr><w:p w:rsidR="00784E78" w:rsidRPr="008953FE" w:rsidRDefault="00162BAE" w:rsidP="008953FE"><w:pPr><w:shd w:val="clear" w:color="auto" w:fill="EAEAEA"/><w:rPr><w:rFonts w:ascii="Arial Narrow" w:hAnsi="Arial Narrow"/></w:rPr></w:pPr><w:r w:rsidRPr="008953FE"><w:rPr><w:rFonts w:ascii="Arial Narrow" w:hAnsi="Arial Narrow"/></w:rPr><w:t>Koordinatentausch mit Bedingungen</w:t></w:r></w:p></w:tc><w:tc><w:tcPr><w:tcW w:w="426" w:type="dxa"/><w:shd w:val="clear" w:color="auto" w:fill="D9D9D9"/></w:tcPr><w:p w:rsidR="00784E78" w:rsidRPr="008953FE" w:rsidRDefault="00784E78" w:rsidP="008953FE"><w:pPr><w:shd w:val="clear" w:color="auto" w:fill="EAEAEA"/><w:rPr><w:rFonts w:ascii="Arial Narrow" w:hAnsi="Arial Narrow"/></w:rPr></w:pPr></w:p></w:tc></w:tr><w:tr w:rsidR="00784E78" w:rsidRPr="008953FE" w:rsidTr="008953FE"><w:trPr><w:trHeight w:val="340"/></w:trPr><w:tc><w:tcPr><w:tcW w:w="4284" w:type="dxa"/><w:shd w:val="clear" w:color="auto" w:fill="D9D9D9"/></w:tcPr><w:p w:rsidR="00784E78" w:rsidRPr="008953FE" w:rsidRDefault="00784E78" w:rsidP="008953FE"><w:pPr><w:shd w:val="clear" w:color="auto" w:fill="EAEAEA"/><w:rPr><w:rFonts w:ascii="Arial Narrow" w:hAnsi="Arial Narrow"/></w:rPr></w:pPr><w:r w:rsidRPr="008953FE"><w:rPr><w:rFonts w:ascii="Arial Narrow" w:hAnsi="Arial Narrow"/></w:rPr><w:t>c) Verfahren nach Baugesetzbuch</w:t></w:r></w:p></w:tc><w:tc><w:tcPr><w:tcW w:w="418" w:type="dxa"/><w:shd w:val="clear" w:color="auto" w:fill="D9D9D9"/></w:tcPr><w:p w:rsidR="00784E78" w:rsidRPr="008953FE" w:rsidRDefault="00784E78" w:rsidP="008953FE"><w:pPr><w:shd w:val="clear" w:color="auto" w:fill="EAEAEA"/><w:rPr><w:rFonts w:ascii="Arial Narrow" w:hAnsi="Arial Narrow"/></w:rPr></w:pPr></w:p></w:tc><w:tc><w:tcPr><w:tcW w:w="4482" w:type="dxa"/><w:shd w:val="clear" w:color="auto" w:fill="D9D9D9"/></w:tcPr><w:p w:rsidR="00784E78" w:rsidRPr="008953FE" w:rsidRDefault="0078195D" w:rsidP="008953FE"><w:pPr><w:shd w:val="clear" w:color="auto" w:fill="EAEAEA"/><w:rPr><w:rFonts w:ascii="Arial Narrow" w:hAnsi="Arial Narrow"/></w:rPr></w:pPr><w:r w:rsidRPr="008953FE"><w:rPr><w:rFonts w:ascii="Arial Narrow" w:hAnsi="Arial Narrow"/></w:rPr><w:t>Homogenisierung</w:t></w:r></w:p></w:tc><w:tc><w:tcPr><w:tcW w:w="426" w:type="dxa"/><w:shd w:val="clear" w:color="auto" w:fill="D9D9D9"/></w:tcPr><w:p w:rsidR="00784E78" w:rsidRPr="008953FE" w:rsidRDefault="00784E78" w:rsidP="008953FE"><w:pPr><w:shd w:val="clear" w:color="auto" w:fill="EAEAEA"/><w:rPr><w:rFonts w:ascii="Arial Narrow" w:hAnsi="Arial Narrow"/></w:rPr></w:pPr></w:p></w:tc></w:tr><w:tr w:rsidR="00784E78" w:rsidRPr="008953FE" w:rsidTr="008953FE"><w:trPr><w:trHeight w:val="340"/></w:trPr><w:tc><w:tcPr><w:tcW w:w="4284" w:type="dxa"/><w:shd w:val="clear" w:color="auto" w:fill="D9D9D9"/></w:tcPr><w:p w:rsidR="0047323A" w:rsidRPr="008953FE" w:rsidRDefault="0047323A" w:rsidP="008953FE"><w:pPr><w:shd w:val="clear" w:color="auto" w:fill="EAEAEA"/><w:rPr><w:rFonts w:ascii="Arial Narrow" w:hAnsi="Arial Narrow"/></w:rPr></w:pPr><w:r w:rsidRPr="008953FE"><w:rPr><w:rFonts w:ascii="Arial Narrow" w:hAnsi="Arial Narrow"/></w:rPr><w:t>Verbesserung der geometrischen</w:t></w:r></w:p><w:p w:rsidR="00784E78" w:rsidRPr="008953FE" w:rsidRDefault="0047323A" w:rsidP="008953FE"><w:pPr><w:shd w:val="clear" w:color="auto" w:fill="EAEAEA"/><w:rPr><w:rFonts w:ascii="Arial Narrow" w:hAnsi="Arial Narrow"/></w:rPr></w:pPr><w:r w:rsidRPr="008953FE"><w:rPr><w:rFonts w:ascii="Arial Narrow" w:hAnsi="Arial Narrow"/></w:rPr><w:t>Lagegenauigkeit der LK</w:t></w:r></w:p></w:tc><w:tc><w:tcPr><w:tcW w:w="418" w:type="dxa"/><w:shd w:val="clear" w:color="auto" w:fill="D9D9D9"/></w:tcPr><w:p w:rsidR="00784E78" w:rsidRPr="008953FE" w:rsidRDefault="00784E78" w:rsidP="008953FE"><w:pPr><w:shd w:val="clear" w:color="auto" w:fill="EAEAEA"/><w:rPr><w:rFonts w:ascii="Arial Narrow" w:hAnsi="Arial Narrow"/></w:rPr></w:pPr></w:p></w:tc><w:tc><w:tcPr><w:tcW w:w="4482" w:type="dxa"/><w:shd w:val="clear" w:color="auto" w:fill="D9D9D9"/></w:tcPr><w:p w:rsidR="00784E78" w:rsidRPr="008953FE" w:rsidRDefault="00784E78" w:rsidP="008953FE"><w:pPr><w:shd w:val="clear" w:color="auto" w:fill="EAEAEA"/><w:rPr><w:rFonts w:ascii="Arial Narrow" w:hAnsi="Arial Narrow"/></w:rPr></w:pPr></w:p></w:tc><w:tc><w:tcPr><w:tcW w:w="426" w:type="dxa"/><w:shd w:val="clear" w:color="auto" w:fill="D9D9D9"/></w:tcPr><w:p w:rsidR="00784E78" w:rsidRPr="008953FE" w:rsidRDefault="00784E78" w:rsidP="008953FE"><w:pPr><w:shd w:val="clear" w:color="auto" w:fill="EAEAEA"/><w:rPr><w:rFonts w:ascii="Arial Narrow" w:hAnsi="Arial Narrow"/></w:rPr></w:pPr></w:p></w:tc></w:tr></w:tbl><w:p w:rsidR="0083088E" w:rsidRDefault="0083088E" w:rsidP="00A10356"><w:pPr><w:pStyle w:val="Textkrper"/><w:tabs><w:tab w:val="clear" w:pos="4962"/><w:tab w:val="left" w:pos="4395"/><w:tab w:val="left" w:pos="5812"/></w:tabs><w:rPr><w:rFonts w:ascii="Arial Narrow" w:hAnsi="Arial Narrow"/></w:rPr></w:pPr></w:p><w:sectPr w:rsidR="0083088E" w:rsidSect="00305796"><w:pgSz w:w="11906" w:h="16838"/><w:pgMar w:top="567" w:right="707" w:bottom="567" w:left="1701" w:header="720" w:footer="720" w:gutter="0"/><w:cols w:space="720"/><w:docGrid w:linePitch="272"/></w:sectPr></w:body></w:document>