<?xml version="1.0" encoding="UTF-8" standalone="yes"?>
<workbook xmlns="http://schemas.openxmlformats.org/spreadsheetml/2006/main" xmlns:r="http://schemas.openxmlformats.org/officeDocument/2006/relationships" xmlns:mc="http://schemas.openxmlformats.org/markup-compatibility/2006" mc:Ignorable="x15" xmlns:x15="http://schemas.microsoft.com/office/spreadsheetml/2010/11/main"><fileVersion appName="xl" lastEdited="6" lowestEdited="6" rupBuild="14420"/><workbookPr/><mc:AlternateContent xmlns:mc="http://schemas.openxmlformats.org/markup-compatibility/2006"><mc:Choice Requires="x15"><x15ac:absPath url="\\kv\LKUM\Database\0_Auftragsdaten\Buch 3.0\2024\2024-30-1332-NL\Kivid Geograf\2024-30-1332\" xmlns:x15ac="http://schemas.microsoft.com/office/spreadsheetml/2010/11/ac"/></mc:Choice></mc:AlternateContent><bookViews><workbookView xWindow="0" yWindow="0" windowWidth="21570" windowHeight="11565"/></bookViews><sheets><sheet name="Legende" sheetId="1" r:id="rId1"/></sheets><calcPr calcId="0"/></workbook>