<?xml version="1.0" encoding="UTF-8" standalone="yes"?>
<sst xmlns="http://schemas.openxmlformats.org/spreadsheetml/2006/main" count="22" uniqueCount="22"><si><t xml:space="preserve">TN Bestand: Flurkarte    </t></si><si><t>TN Veränderung: GIS</t></si><si><t>Riss</t></si><si><t>David-Bearbeitung</t></si><si><t>Lage &amp; Bemerkung zur Bearbeitung</t></si><si><t>Flurstückseigentümer</t></si><si><t>To do Liste</t></si><si><t>Der Vergleich der Flurkarte mit der Örtlichkeit über GIS (Luftbild v. 2021-2023 + Landwirtschaftsfeldblöcke v. 11.02.2024)</t></si><si><t>Flurstückskennz.</t></si><si><t>NUMMER1</t></si><si><t>NUMMER2</t></si><si><t>Auftragsnummer: AUFTRAGSNUMMER, GEMARKUNGSNUMMER, Flur FLUREN</t></si><si><t>TN_1</t></si><si><t>TN_2</t></si><si><t>VERAENDERUNG_1</t></si><si><t>VERAENDERUNG_2</t></si><si><t>EIGENTUEMER_1</t></si><si><t>EIGENTUEMER_2</t></si><si><t>NUMMER3</t></si><si><t>TN_3</t></si><si><t>VERAENDERUNG_3</t></si><si><t>EIGENTUEMER_3</t></si></sst>