<?xml version="1.0" encoding="UTF-8" standalone="yes"?>
<styleSheet xmlns="http://schemas.openxmlformats.org/spreadsheetml/2006/main" xmlns:mc="http://schemas.openxmlformats.org/markup-compatibility/2006" mc:Ignorable="x14ac x16r2" xmlns:x14ac="http://schemas.microsoft.com/office/spreadsheetml/2009/9/ac" xmlns:x16r2="http://schemas.microsoft.com/office/spreadsheetml/2015/02/main"><fonts count="8" x14ac:knownFonts="1"><font><sz val="11"/><color theme="1"/><name val="Calibri"/><family val="2"/><scheme val="minor"/></font><font><b/><sz val="16"/><name val="Calibri"/><family val="2"/><scheme val="minor"/></font><font><b/><sz val="11"/><name val="Calibri"/><family val="2"/><scheme val="minor"/></font><font><b/><sz val="12"/><color theme="1"/><name val="Arial"/><family val="2"/></font><font><sz val="11"/><color theme="1"/><name val="Calibri"/><family val="2"/><scheme val="minor"/></font><font><b/><sz val="12"/><name val="Calibri"/><family val="2"/><scheme val="minor"/></font><font><sz val="11"/><color rgb="FF9C6500"/><name val="Calibri"/><family val="2"/><scheme val="minor"/></font><font><sz val="11"/><color rgb="FF9C0006"/><name val="Calibri"/><family val="2"/><scheme val="minor"/></font></fonts><fills count="6"><fill><patternFill patternType="none"/></fill><fill><patternFill patternType="gray125"/></fill><fill><patternFill patternType="solid"><fgColor rgb="FFFFFF00"/><bgColor indexed="64"/></patternFill></fill><fill><patternFill patternType="solid"><fgColor rgb="FFE1D7D5"/><bgColor indexed="64"/></patternFill></fill><fill><patternFill patternType="solid"><fgColor rgb="FFFFEB9C"/></patternFill></fill><fill><patternFill patternType="solid"><fgColor rgb="FFFFC7CE"/></patternFill></fill></fills><borders count="2"><border><left/><right/><top/><bottom/><diagonal/></border><border><left style="thin"><color indexed="64"/></left><right style="thin"><color indexed="64"/></right><top style="thin"><color indexed="64"/></top><bottom style="thin"><color indexed="64"/></bottom><diagonal/></border></borders><cellStyleXfs count="4"><xf numFmtId="0" fontId="0" fillId="0" borderId="1" applyProtection="0"><alignment horizontal="center" vertical="center"/></xf><xf numFmtId="0" fontId="4" fillId="3" borderId="1" applyNumberFormat="0" applyBorder="0" applyAlignment="0" applyProtection="0"><alignment horizontal="center" vertical="center"/></xf><xf numFmtId="0" fontId="6" fillId="4" borderId="0" applyNumberFormat="0" applyBorder="0" applyAlignment="0" applyProtection="0"/><xf numFmtId="0" fontId="7" fillId="5" borderId="0" applyNumberFormat="0" applyBorder="0" applyAlignment="0" applyProtection="0"/></cellStyleXfs><cellXfs count="20"><xf numFmtId="0" fontId="0" fillId="0" borderId="1" xfId="0"><alignment horizontal="center" vertical="center"/></xf><xf numFmtId="0" fontId="3" fillId="2" borderId="1" xfId="0" applyFont="1" applyFill="1" applyBorder="1" applyAlignment="1"><alignment horizontal="center"/></xf><xf numFmtId="0" fontId="0" fillId="0" borderId="0" xfId="0" applyBorder="1" applyAlignment="1"><alignment horizontal="center"/></xf><xf numFmtId="0" fontId="0" fillId="0" borderId="0" xfId="0" applyBorder="1"><alignment horizontal="center" vertical="center"/></xf><xf numFmtId="0" fontId="0" fillId="0" borderId="0" xfId="0" applyFill="1" applyBorder="1"><alignment horizontal="center" vertical="center"/></xf><xf numFmtId="0" fontId="1" fillId="2" borderId="0" xfId="0" applyFont="1" applyFill="1" applyBorder="1" applyAlignment="1"><alignment horizontal="left"/></xf><xf numFmtId="0" fontId="0" fillId="2" borderId="0" xfId="0" applyFill="1" applyBorder="1"><alignment horizontal="center" vertical="center"/></xf><xf numFmtId="0" fontId="2" fillId="2" borderId="0" xfId="0" applyFont="1" applyFill="1" applyBorder="1" applyAlignment="1"><alignment horizontal="left"/></xf><xf numFmtId="0" fontId="5" fillId="2" borderId="0" xfId="0" applyFont="1" applyFill="1" applyBorder="1" applyAlignment="1"><alignment horizontal="left" vertical="center" wrapText="1"/></xf><xf numFmtId="0" fontId="2" fillId="2" borderId="0" xfId="0" applyFont="1" applyFill="1" applyBorder="1" applyAlignment="1"><alignment horizontal="center" vertical="center" wrapText="1"/></xf><xf numFmtId="0" fontId="3" fillId="2" borderId="1" xfId="0" applyFont="1" applyFill="1" applyBorder="1" applyAlignment="1"><alignment horizontal="center" wrapText="1"/></xf><xf numFmtId="0" fontId="0" fillId="0" borderId="0" xfId="0" applyBorder="1" applyAlignment="1"><alignment horizontal="center" vertical="center" wrapText="1"/></xf><xf numFmtId="0" fontId="6" fillId="4" borderId="1" xfId="2" applyBorder="1" applyAlignment="1"><alignment horizontal="center" vertical="center"/></xf><xf numFmtId="0" fontId="0" fillId="0" borderId="1" xfId="0" applyNumberFormat="1" applyAlignment="1"><alignment horizontal="left" vertical="center" wrapText="1"/></xf><xf numFmtId="0" fontId="7" fillId="5" borderId="1" xfId="3" applyNumberFormat="1" applyBorder="1" applyAlignment="1"><alignment horizontal="left" vertical="center" wrapText="1"/></xf><xf numFmtId="0" fontId="7" fillId="5" borderId="1" xfId="3" applyBorder="1" applyAlignment="1"><alignment horizontal="center" vertical="center"/></xf><xf numFmtId="0" fontId="7" fillId="5" borderId="0" xfId="3" applyBorder="1" applyAlignment="1"><alignment horizontal="center" vertical="center"/></xf><xf numFmtId="0" fontId="6" fillId="4" borderId="1" xfId="2" applyNumberFormat="1" applyBorder="1" applyAlignment="1"><alignment horizontal="left" vertical="center" wrapText="1"/></xf><xf numFmtId="0" fontId="6" fillId="4" borderId="0" xfId="2" applyBorder="1" applyAlignment="1"><alignment horizontal="center" vertical="center"/></xf><xf numFmtId="0" fontId="0" fillId="0" borderId="1" xfId="0" applyBorder="1"><alignment horizontal="center" vertical="center"/></xf></cellXfs><cellStyles count="4"><cellStyle name="Neutral" xfId="2" builtinId="28"/><cellStyle name="ohne Riss" xfId="1"/><cellStyle name="Schlecht" xfId="3" builtinId="27"/><cellStyle name="Standard" xfId="0" builtinId="0" customBuiltin="1"/></cellStyles><dxfs count="2"><dxf><font><color rgb="FF9C0006"/></font><fill><patternFill><bgColor rgb="FFFFC7CE"/></patternFill></fill></dxf><dxf><font><color rgb="FF9C6500"/></font><fill><patternFill><bgColor rgb="FFFFEB9C"/></patternFill></fill></dxf></dxfs><tableStyles count="0" defaultTableStyle="TableStyleMedium2" defaultPivotStyle="PivotStyleLight16"/><colors><mruColors><color rgb="FFE1D7D5"/><color rgb="FFE9D3CD"/><color rgb="FFE7DACF"/></mruColors></colors><extLst><ext uri="{EB79DEF2-80B8-43e5-95BD-54CBDDF9020C}" xmlns:x14="http://schemas.microsoft.com/office/spreadsheetml/2009/9/main"><x14:slicerStyles defaultSlicerStyle="SlicerStyleLight1"/></ext><ext uri="{9260A510-F301-46a8-8635-F512D64BE5F5}" xmlns:x15="http://schemas.microsoft.com/office/spreadsheetml/2010/11/main"><x15:timelineStyles defaultTimelineStyle="TimeSlicerStyleLight1"/></ext></extLst></styleSheet>