<?xml version="1.0" encoding="UTF-8" standalone="yes"?>
<workbook xmlns="http://schemas.openxmlformats.org/spreadsheetml/2006/main"
    xmlns:r="http://schemas.openxmlformats.org/officeDocument/2006/relationships"
    xmlns:mc="http://schemas.openxmlformats.org/markup-compatibility/2006" mc:Ignorable="x15"
    xmlns:x15="http://schemas.microsoft.com/office/spreadsheetml/2010/11/main">
    <fileVersion appName="xl" lastEdited="6" lowestEdited="5" rupBuild="14420"/>
    <workbookPr defaultThemeVersion="124226"/>
    <mc:AlternateContent xmlns:mc="http://schemas.openxmlformats.org/markup-compatibility/2006">
        <mc:Choice Requires="x15">
            <x15ac:absPath url="F:\0_Auftragsdaten\Buch 3.0\2024\2024-30-1332-NL\temp\"
                xmlns:x15ac="http://schemas.microsoft.com/office/spreadsheetml/2010/11/ac"/>
        </mc:Choice>
    </mc:AlternateContent>
    <bookViews>
        <workbookView xWindow="840" yWindow="180" windowWidth="31290" windowHeight="12135" tabRatio="435"/>
    </bookViews>
    <sheets>
        <sheet name="Tabelle1" sheetId="1" r:id="rId1"/>
    </sheets>
    <definedNames>
        <definedName name="_xlnm._FilterDatabase" localSheetId="0" hidden="1">Tabelle1!$A$4:$G$7</definedName>
        <definedName name="_xlnm.Print_Area" localSheetId="0">Tabelle1!$A$1:$G$7</definedName>
        <definedName name="_xlnm.Print_Titles" localSheetId="0">Tabelle1!$1:$4</definedName>
    </definedNames>
    <calcPr calcId="162913"/>
</workbook>