<?xml version="1.0" encoding="UTF-8" standalone="yes"?>
<w:ftr xmlns:wpc="http://schemas.microsoft.com/office/word/2010/wordprocessingCanvas" xmlns:cx="http://schemas.microsoft.com/office/drawing/2014/chartex" xmlns:mc="http://schemas.openxmlformats.org/markup-compatibility/2006" xmlns:o="urn:schemas-microsoft-com:office:office" xmlns:r="http://schemas.openxmlformats.org/officeDocument/2006/relationships" xmlns:m="http://schemas.openxmlformats.org/officeDocument/2006/math" xmlns:v="urn:schemas-microsoft-com:vml" xmlns:wp14="http://schemas.microsoft.com/office/word/2010/wordprocessingDrawing" xmlns:wp="http://schemas.openxmlformats.org/drawingml/2006/wordprocessingDrawing" xmlns:w10="urn:schemas-microsoft-com:office:word" xmlns:w="http://schemas.openxmlformats.org/wordprocessingml/2006/main" xmlns:w14="http://schemas.microsoft.com/office/word/2010/wordml" xmlns:w15="http://schemas.microsoft.com/office/word/2012/wordml" xmlns:w16se="http://schemas.microsoft.com/office/word/2015/wordml/symex" xmlns:wpg="http://schemas.microsoft.com/office/word/2010/wordprocessingGroup" xmlns:wpi="http://schemas.microsoft.com/office/word/2010/wordprocessingInk" xmlns:wne="http://schemas.microsoft.com/office/word/2006/wordml" xmlns:wps="http://schemas.microsoft.com/office/word/2010/wordprocessingShape" mc:Ignorable="w14 w15 w16se wp14"><w:p w:rsidR="00343791" w:rsidRDefault="00343791"><w:pPr><w:pStyle w:val="Fuzeile"/><w:jc w:val="right"/></w:pPr><w:r><w:rPr><w:rFonts w:cs="Arial"/></w:rPr><w:t xml:space="preserve">Seite </w:t></w:r><w:r><w:rPr><w:rFonts w:cs="Arial"/></w:rPr><w:fldChar w:fldCharType="begin"/></w:r><w:r><w:rPr><w:rFonts w:cs="Arial"/></w:rPr><w:instrText xml:space="preserve"> PAGE \* ARABIC </w:instrText></w:r><w:r><w:rPr><w:rFonts w:cs="Arial"/></w:rPr><w:fldChar w:fldCharType="separate"/></w:r><w:r w:rsidR="00CE5ECD"><w:rPr><w:rFonts w:cs="Arial"/><w:noProof/></w:rPr><w:t>2</w:t></w:r><w:r><w:rPr><w:rFonts w:cs="Arial"/></w:rPr><w:fldChar w:fldCharType="end"/></w:r></w:p></w:ftr>