<?xml version="1.0" encoding="UTF-8" standalone="yes"?>
<w:webSettings xmlns:mc="http://schemas.openxmlformats.org/markup-compatibility/2006" xmlns:r="http://schemas.openxmlformats.org/officeDocument/2006/relationships" xmlns:w="http://schemas.openxmlformats.org/wordprocessingml/2006/main" xmlns:w14="http://schemas.microsoft.com/office/word/2010/wordml" xmlns:w15="http://schemas.microsoft.com/office/word/2012/wordml" xmlns:w16se="http://schemas.microsoft.com/office/word/2015/wordml/symex" mc:Ignorable="w14 w15 w16se"><w:divs><w:div w:id="12925934"><w:bodyDiv w:val="1"/><w:marLeft w:val="0"/><w:marRight w:val="0"/><w:marTop w:val="0"/><w:marBottom w:val="0"/><w:divBdr><w:top w:val="none" w:sz="0" w:space="0" w:color="auto"/><w:left w:val="none" w:sz="0" w:space="0" w:color="auto"/><w:bottom w:val="none" w:sz="0" w:space="0" w:color="auto"/><w:right w:val="none" w:sz="0" w:space="0" w:color="auto"/></w:divBdr></w:div><w:div w:id="19819653"><w:bodyDiv w:val="1"/><w:marLeft w:val="0"/><w:marRight w:val="0"/><w:marTop w:val="0"/><w:marBottom w:val="0"/><w:divBdr><w:top w:val="none" w:sz="0" w:space="0" w:color="auto"/><w:left w:val="none" w:sz="0" w:space="0" w:color="auto"/><w:bottom w:val="none" w:sz="0" w:space="0" w:color="auto"/><w:right w:val="none" w:sz="0" w:space="0" w:color="auto"/></w:divBdr></w:div><w:div w:id="20127866"><w:bodyDiv w:val="1"/><w:marLeft w:val="0"/><w:marRight w:val="0"/><w:marTop w:val="0"/><w:marBottom w:val="0"/><w:divBdr><w:top w:val="none" w:sz="0" w:space="0" w:color="auto"/><w:left w:val="none" w:sz="0" w:space="0" w:color="auto"/><w:bottom w:val="none" w:sz="0" w:space="0" w:color="auto"/><w:right w:val="none" w:sz="0" w:space="0" w:color="auto"/></w:divBdr></w:div><w:div w:id="69814826"><w:bodyDiv w:val="1"/><w:marLeft w:val="0"/><w:marRight w:val="0"/><w:marTop w:val="0"/><w:marBottom w:val="0"/><w:divBdr><w:top w:val="none" w:sz="0" w:space="0" w:color="auto"/><w:left w:val="none" w:sz="0" w:space="0" w:color="auto"/><w:bottom w:val="none" w:sz="0" w:space="0" w:color="auto"/><w:right w:val="none" w:sz="0" w:space="0" w:color="auto"/></w:divBdr></w:div><w:div w:id="140656961"><w:bodyDiv w:val="1"/><w:marLeft w:val="0"/><w:marRight w:val="0"/><w:marTop w:val="0"/><w:marBottom w:val="0"/><w:divBdr><w:top w:val="none" w:sz="0" w:space="0" w:color="auto"/><w:left w:val="none" w:sz="0" w:space="0" w:color="auto"/><w:bottom w:val="none" w:sz="0" w:space="0" w:color="auto"/><w:right w:val="none" w:sz="0" w:space="0" w:color="auto"/></w:divBdr></w:div><w:div w:id="180047311"><w:bodyDiv w:val="1"/><w:marLeft w:val="0"/><w:marRight w:val="0"/><w:marTop w:val="0"/><w:marBottom w:val="0"/><w:divBdr><w:top w:val="none" w:sz="0" w:space="0" w:color="auto"/><w:left w:val="none" w:sz="0" w:space="0" w:color="auto"/><w:bottom w:val="none" w:sz="0" w:space="0" w:color="auto"/><w:right w:val="none" w:sz="0" w:space="0" w:color="auto"/></w:divBdr></w:div><w:div w:id="198014649"><w:bodyDiv w:val="1"/><w:marLeft w:val="0"/><w:marRight w:val="0"/><w:marTop w:val="0"/><w:marBottom w:val="0"/><w:divBdr><w:top w:val="none" w:sz="0" w:space="0" w:color="auto"/><w:left w:val="none" w:sz="0" w:space="0" w:color="auto"/><w:bottom w:val="none" w:sz="0" w:space="0" w:color="auto"/><w:right w:val="none" w:sz="0" w:space="0" w:color="auto"/></w:divBdr></w:div><w:div w:id="206452204"><w:bodyDiv w:val="1"/><w:marLeft w:val="0"/><w:marRight w:val="0"/><w:marTop w:val="0"/><w:marBottom w:val="0"/><w:divBdr><w:top w:val="none" w:sz="0" w:space="0" w:color="auto"/><w:left w:val="none" w:sz="0" w:space="0" w:color="auto"/><w:bottom w:val="none" w:sz="0" w:space="0" w:color="auto"/><w:right w:val="none" w:sz="0" w:space="0" w:color="auto"/></w:divBdr></w:div><w:div w:id="212618108"><w:bodyDiv w:val="1"/><w:marLeft w:val="0"/><w:marRight w:val="0"/><w:marTop w:val="0"/><w:marBottom w:val="0"/><w:divBdr><w:top w:val="none" w:sz="0" w:space="0" w:color="auto"/><w:left w:val="none" w:sz="0" w:space="0" w:color="auto"/><w:bottom w:val="none" w:sz="0" w:space="0" w:color="auto"/><w:right w:val="none" w:sz="0" w:space="0" w:color="auto"/></w:divBdr></w:div><w:div w:id="267810868"><w:bodyDiv w:val="1"/><w:marLeft w:val="0"/><w:marRight w:val="0"/><w:marTop w:val="0"/><w:marBottom w:val="0"/><w:divBdr><w:top w:val="none" w:sz="0" w:space="0" w:color="auto"/><w:left w:val="none" w:sz="0" w:space="0" w:color="auto"/><w:bottom w:val="none" w:sz="0" w:space="0" w:color="auto"/><w:right w:val="none" w:sz="0" w:space="0" w:color="auto"/></w:divBdr></w:div><w:div w:id="269121291"><w:bodyDiv w:val="1"/><w:marLeft w:val="0"/><w:marRight w:val="0"/><w:marTop w:val="0"/><w:marBottom w:val="0"/><w:divBdr><w:top w:val="none" w:sz="0" w:space="0" w:color="auto"/><w:left w:val="none" w:sz="0" w:space="0" w:color="auto"/><w:bottom w:val="none" w:sz="0" w:space="0" w:color="auto"/><w:right w:val="none" w:sz="0" w:space="0" w:color="auto"/></w:divBdr></w:div><w:div w:id="269702321"><w:bodyDiv w:val="1"/><w:marLeft w:val="0"/><w:marRight w:val="0"/><w:marTop w:val="0"/><w:marBottom w:val="0"/><w:divBdr><w:top w:val="none" w:sz="0" w:space="0" w:color="auto"/><w:left w:val="none" w:sz="0" w:space="0" w:color="auto"/><w:bottom w:val="none" w:sz="0" w:space="0" w:color="auto"/><w:right w:val="none" w:sz="0" w:space="0" w:color="auto"/></w:divBdr></w:div><w:div w:id="289942630"><w:bodyDiv w:val="1"/><w:marLeft w:val="0"/><w:marRight w:val="0"/><w:marTop w:val="0"/><w:marBottom w:val="0"/><w:divBdr><w:top w:val="none" w:sz="0" w:space="0" w:color="auto"/><w:left w:val="none" w:sz="0" w:space="0" w:color="auto"/><w:bottom w:val="none" w:sz="0" w:space="0" w:color="auto"/><w:right w:val="none" w:sz="0" w:space="0" w:color="auto"/></w:divBdr></w:div><w:div w:id="310183699"><w:bodyDiv w:val="1"/><w:marLeft w:val="0"/><w:marRight w:val="0"/><w:marTop w:val="0"/><w:marBottom w:val="0"/><w:divBdr><w:top w:val="none" w:sz="0" w:space="0" w:color="auto"/><w:left w:val="none" w:sz="0" w:space="0" w:color="auto"/><w:bottom w:val="none" w:sz="0" w:space="0" w:color="auto"/><w:right w:val="none" w:sz="0" w:space="0" w:color="auto"/></w:divBdr></w:div><w:div w:id="327371301"><w:bodyDiv w:val="1"/><w:marLeft w:val="0"/><w:marRight w:val="0"/><w:marTop w:val="0"/><w:marBottom w:val="0"/><w:divBdr><w:top w:val="none" w:sz="0" w:space="0" w:color="auto"/><w:left w:val="none" w:sz="0" w:space="0" w:color="auto"/><w:bottom w:val="none" w:sz="0" w:space="0" w:color="auto"/><w:right w:val="none" w:sz="0" w:space="0" w:color="auto"/></w:divBdr></w:div><w:div w:id="356195454"><w:bodyDiv w:val="1"/><w:marLeft w:val="0"/><w:marRight w:val="0"/><w:marTop w:val="0"/><w:marBottom w:val="0"/><w:divBdr><w:top w:val="none" w:sz="0" w:space="0" w:color="auto"/><w:left w:val="none" w:sz="0" w:space="0" w:color="auto"/><w:bottom w:val="none" w:sz="0" w:space="0" w:color="auto"/><w:right w:val="none" w:sz="0" w:space="0" w:color="auto"/></w:divBdr></w:div><w:div w:id="389499668"><w:bodyDiv w:val="1"/><w:marLeft w:val="0"/><w:marRight w:val="0"/><w:marTop w:val="0"/><w:marBottom w:val="0"/><w:divBdr><w:top w:val="none" w:sz="0" w:space="0" w:color="auto"/><w:left w:val="none" w:sz="0" w:space="0" w:color="auto"/><w:bottom w:val="none" w:sz="0" w:space="0" w:color="auto"/><w:right w:val="none" w:sz="0" w:space="0" w:color="auto"/></w:divBdr></w:div><w:div w:id="431362001"><w:bodyDiv w:val="1"/><w:marLeft w:val="0"/><w:marRight w:val="0"/><w:marTop w:val="0"/><w:marBottom w:val="0"/><w:divBdr><w:top w:val="none" w:sz="0" w:space="0" w:color="auto"/><w:left w:val="none" w:sz="0" w:space="0" w:color="auto"/><w:bottom w:val="none" w:sz="0" w:space="0" w:color="auto"/><w:right w:val="none" w:sz="0" w:space="0" w:color="auto"/></w:divBdr></w:div><w:div w:id="492768580"><w:bodyDiv w:val="1"/><w:marLeft w:val="0"/><w:marRight w:val="0"/><w:marTop w:val="0"/><w:marBottom w:val="0"/><w:divBdr><w:top w:val="none" w:sz="0" w:space="0" w:color="auto"/><w:left w:val="none" w:sz="0" w:space="0" w:color="auto"/><w:bottom w:val="none" w:sz="0" w:space="0" w:color="auto"/><w:right w:val="none" w:sz="0" w:space="0" w:color="auto"/></w:divBdr></w:div><w:div w:id="496773739"><w:bodyDiv w:val="1"/><w:marLeft w:val="0"/><w:marRight w:val="0"/><w:marTop w:val="0"/><w:marBottom w:val="0"/><w:divBdr><w:top w:val="none" w:sz="0" w:space="0" w:color="auto"/><w:left w:val="none" w:sz="0" w:space="0" w:color="auto"/><w:bottom w:val="none" w:sz="0" w:space="0" w:color="auto"/><w:right w:val="none" w:sz="0" w:space="0" w:color="auto"/></w:divBdr></w:div><w:div w:id="527643049"><w:bodyDiv w:val="1"/><w:marLeft w:val="0"/><w:marRight w:val="0"/><w:marTop w:val="0"/><w:marBottom w:val="0"/><w:divBdr><w:top w:val="none" w:sz="0" w:space="0" w:color="auto"/><w:left w:val="none" w:sz="0" w:space="0" w:color="auto"/><w:bottom w:val="none" w:sz="0" w:space="0" w:color="auto"/><w:right w:val="none" w:sz="0" w:space="0" w:color="auto"/></w:divBdr></w:div><w:div w:id="566454129"><w:bodyDiv w:val="1"/><w:marLeft w:val="0"/><w:marRight w:val="0"/><w:marTop w:val="0"/><w:marBottom w:val="0"/><w:divBdr><w:top w:val="none" w:sz="0" w:space="0" w:color="auto"/><w:left w:val="none" w:sz="0" w:space="0" w:color="auto"/><w:bottom w:val="none" w:sz="0" w:space="0" w:color="auto"/><w:right w:val="none" w:sz="0" w:space="0" w:color="auto"/></w:divBdr></w:div><w:div w:id="567349664"><w:bodyDiv w:val="1"/><w:marLeft w:val="0"/><w:marRight w:val="0"/><w:marTop w:val="0"/><w:marBottom w:val="0"/><w:divBdr><w:top w:val="none" w:sz="0" w:space="0" w:color="auto"/><w:left w:val="none" w:sz="0" w:space="0" w:color="auto"/><w:bottom w:val="none" w:sz="0" w:space="0" w:color="auto"/><w:right w:val="none" w:sz="0" w:space="0" w:color="auto"/></w:divBdr></w:div><w:div w:id="581182755"><w:bodyDiv w:val="1"/><w:marLeft w:val="0"/><w:marRight w:val="0"/><w:marTop w:val="0"/><w:marBottom w:val="0"/><w:divBdr><w:top w:val="none" w:sz="0" w:space="0" w:color="auto"/><w:left w:val="none" w:sz="0" w:space="0" w:color="auto"/><w:bottom w:val="none" w:sz="0" w:space="0" w:color="auto"/><w:right w:val="none" w:sz="0" w:space="0" w:color="auto"/></w:divBdr></w:div><w:div w:id="598106217"><w:bodyDiv w:val="1"/><w:marLeft w:val="0"/><w:marRight w:val="0"/><w:marTop w:val="0"/><w:marBottom w:val="0"/><w:divBdr><w:top w:val="none" w:sz="0" w:space="0" w:color="auto"/><w:left w:val="none" w:sz="0" w:space="0" w:color="auto"/><w:bottom w:val="none" w:sz="0" w:space="0" w:color="auto"/><w:right w:val="none" w:sz="0" w:space="0" w:color="auto"/></w:divBdr></w:div><w:div w:id="612060875"><w:bodyDiv w:val="1"/><w:marLeft w:val="0"/><w:marRight w:val="0"/><w:marTop w:val="0"/><w:marBottom w:val="0"/><w:divBdr><w:top w:val="none" w:sz="0" w:space="0" w:color="auto"/><w:left w:val="none" w:sz="0" w:space="0" w:color="auto"/><w:bottom w:val="none" w:sz="0" w:space="0" w:color="auto"/><w:right w:val="none" w:sz="0" w:space="0" w:color="auto"/></w:divBdr></w:div><w:div w:id="615604485"><w:bodyDiv w:val="1"/><w:marLeft w:val="0"/><w:marRight w:val="0"/><w:marTop w:val="0"/><w:marBottom w:val="0"/><w:divBdr><w:top w:val="none" w:sz="0" w:space="0" w:color="auto"/><w:left w:val="none" w:sz="0" w:space="0" w:color="auto"/><w:bottom w:val="none" w:sz="0" w:space="0" w:color="auto"/><w:right w:val="none" w:sz="0" w:space="0" w:color="auto"/></w:divBdr></w:div><w:div w:id="640035087"><w:bodyDiv w:val="1"/><w:marLeft w:val="0"/><w:marRight w:val="0"/><w:marTop w:val="0"/><w:marBottom w:val="0"/><w:divBdr><w:top w:val="none" w:sz="0" w:space="0" w:color="auto"/><w:left w:val="none" w:sz="0" w:space="0" w:color="auto"/><w:bottom w:val="none" w:sz="0" w:space="0" w:color="auto"/><w:right w:val="none" w:sz="0" w:space="0" w:color="auto"/></w:divBdr></w:div><w:div w:id="655718494"><w:bodyDiv w:val="1"/><w:marLeft w:val="0"/><w:marRight w:val="0"/><w:marTop w:val="0"/><w:marBottom w:val="0"/><w:divBdr><w:top w:val="none" w:sz="0" w:space="0" w:color="auto"/><w:left w:val="none" w:sz="0" w:space="0" w:color="auto"/><w:bottom w:val="none" w:sz="0" w:space="0" w:color="auto"/><w:right w:val="none" w:sz="0" w:space="0" w:color="auto"/></w:divBdr></w:div><w:div w:id="718865335"><w:bodyDiv w:val="1"/><w:marLeft w:val="0"/><w:marRight w:val="0"/><w:marTop w:val="0"/><w:marBottom w:val="0"/><w:divBdr><w:top w:val="none" w:sz="0" w:space="0" w:color="auto"/><w:left w:val="none" w:sz="0" w:space="0" w:color="auto"/><w:bottom w:val="none" w:sz="0" w:space="0" w:color="auto"/><w:right w:val="none" w:sz="0" w:space="0" w:color="auto"/></w:divBdr></w:div><w:div w:id="721098049"><w:bodyDiv w:val="1"/><w:marLeft w:val="0"/><w:marRight w:val="0"/><w:marTop w:val="0"/><w:marBottom w:val="0"/><w:divBdr><w:top w:val="none" w:sz="0" w:space="0" w:color="auto"/><w:left w:val="none" w:sz="0" w:space="0" w:color="auto"/><w:bottom w:val="none" w:sz="0" w:space="0" w:color="auto"/><w:right w:val="none" w:sz="0" w:space="0" w:color="auto"/></w:divBdr></w:div><w:div w:id="805469833"><w:bodyDiv w:val="1"/><w:marLeft w:val="0"/><w:marRight w:val="0"/><w:marTop w:val="0"/><w:marBottom w:val="0"/><w:divBdr><w:top w:val="none" w:sz="0" w:space="0" w:color="auto"/><w:left w:val="none" w:sz="0" w:space="0" w:color="auto"/><w:bottom w:val="none" w:sz="0" w:space="0" w:color="auto"/><w:right w:val="none" w:sz="0" w:space="0" w:color="auto"/></w:divBdr></w:div><w:div w:id="828910484"><w:bodyDiv w:val="1"/><w:marLeft w:val="0"/><w:marRight w:val="0"/><w:marTop w:val="0"/><w:marBottom w:val="0"/><w:divBdr><w:top w:val="none" w:sz="0" w:space="0" w:color="auto"/><w:left w:val="none" w:sz="0" w:space="0" w:color="auto"/><w:bottom w:val="none" w:sz="0" w:space="0" w:color="auto"/><w:right w:val="none" w:sz="0" w:space="0" w:color="auto"/></w:divBdr></w:div><w:div w:id="897589705"><w:bodyDiv w:val="1"/><w:marLeft w:val="0"/><w:marRight w:val="0"/><w:marTop w:val="0"/><w:marBottom w:val="0"/><w:divBdr><w:top w:val="none" w:sz="0" w:space="0" w:color="auto"/><w:left w:val="none" w:sz="0" w:space="0" w:color="auto"/><w:bottom w:val="none" w:sz="0" w:space="0" w:color="auto"/><w:right w:val="none" w:sz="0" w:space="0" w:color="auto"/></w:divBdr></w:div><w:div w:id="979382708"><w:bodyDiv w:val="1"/><w:marLeft w:val="0"/><w:marRight w:val="0"/><w:marTop w:val="0"/><w:marBottom w:val="0"/><w:divBdr><w:top w:val="none" w:sz="0" w:space="0" w:color="auto"/><w:left w:val="none" w:sz="0" w:space="0" w:color="auto"/><w:bottom w:val="none" w:sz="0" w:space="0" w:color="auto"/><w:right w:val="none" w:sz="0" w:space="0" w:color="auto"/></w:divBdr></w:div><w:div w:id="999112487"><w:bodyDiv w:val="1"/><w:marLeft w:val="0"/><w:marRight w:val="0"/><w:marTop w:val="0"/><w:marBottom w:val="0"/><w:divBdr><w:top w:val="none" w:sz="0" w:space="0" w:color="auto"/><w:left w:val="none" w:sz="0" w:space="0" w:color="auto"/><w:bottom w:val="none" w:sz="0" w:space="0" w:color="auto"/><w:right w:val="none" w:sz="0" w:space="0" w:color="auto"/></w:divBdr></w:div><w:div w:id="1033071363"><w:bodyDiv w:val="1"/><w:marLeft w:val="0"/><w:marRight w:val="0"/><w:marTop w:val="0"/><w:marBottom w:val="0"/><w:divBdr><w:top w:val="none" w:sz="0" w:space="0" w:color="auto"/><w:left w:val="none" w:sz="0" w:space="0" w:color="auto"/><w:bottom w:val="none" w:sz="0" w:space="0" w:color="auto"/><w:right w:val="none" w:sz="0" w:space="0" w:color="auto"/></w:divBdr></w:div><w:div w:id="1046828795"><w:bodyDiv w:val="1"/><w:marLeft w:val="0"/><w:marRight w:val="0"/><w:marTop w:val="0"/><w:marBottom w:val="0"/><w:divBdr><w:top w:val="none" w:sz="0" w:space="0" w:color="auto"/><w:left w:val="none" w:sz="0" w:space="0" w:color="auto"/><w:bottom w:val="none" w:sz="0" w:space="0" w:color="auto"/><w:right w:val="none" w:sz="0" w:space="0" w:color="auto"/></w:divBdr></w:div><w:div w:id="1148791537"><w:bodyDiv w:val="1"/><w:marLeft w:val="0"/><w:marRight w:val="0"/><w:marTop w:val="0"/><w:marBottom w:val="0"/><w:divBdr><w:top w:val="none" w:sz="0" w:space="0" w:color="auto"/><w:left w:val="none" w:sz="0" w:space="0" w:color="auto"/><w:bottom w:val="none" w:sz="0" w:space="0" w:color="auto"/><w:right w:val="none" w:sz="0" w:space="0" w:color="auto"/></w:divBdr></w:div><w:div w:id="1168054690"><w:bodyDiv w:val="1"/><w:marLeft w:val="0"/><w:marRight w:val="0"/><w:marTop w:val="0"/><w:marBottom w:val="0"/><w:divBdr><w:top w:val="none" w:sz="0" w:space="0" w:color="auto"/><w:left w:val="none" w:sz="0" w:space="0" w:color="auto"/><w:bottom w:val="none" w:sz="0" w:space="0" w:color="auto"/><w:right w:val="none" w:sz="0" w:space="0" w:color="auto"/></w:divBdr></w:div><w:div w:id="1178932027"><w:bodyDiv w:val="1"/><w:marLeft w:val="0"/><w:marRight w:val="0"/><w:marTop w:val="0"/><w:marBottom w:val="0"/><w:divBdr><w:top w:val="none" w:sz="0" w:space="0" w:color="auto"/><w:left w:val="none" w:sz="0" w:space="0" w:color="auto"/><w:bottom w:val="none" w:sz="0" w:space="0" w:color="auto"/><w:right w:val="none" w:sz="0" w:space="0" w:color="auto"/></w:divBdr></w:div><w:div w:id="1237394031"><w:bodyDiv w:val="1"/><w:marLeft w:val="0"/><w:marRight w:val="0"/><w:marTop w:val="0"/><w:marBottom w:val="0"/><w:divBdr><w:top w:val="none" w:sz="0" w:space="0" w:color="auto"/><w:left w:val="none" w:sz="0" w:space="0" w:color="auto"/><w:bottom w:val="none" w:sz="0" w:space="0" w:color="auto"/><w:right w:val="none" w:sz="0" w:space="0" w:color="auto"/></w:divBdr></w:div><w:div w:id="1307130122"><w:bodyDiv w:val="1"/><w:marLeft w:val="0"/><w:marRight w:val="0"/><w:marTop w:val="0"/><w:marBottom w:val="0"/><w:divBdr><w:top w:val="none" w:sz="0" w:space="0" w:color="auto"/><w:left w:val="none" w:sz="0" w:space="0" w:color="auto"/><w:bottom w:val="none" w:sz="0" w:space="0" w:color="auto"/><w:right w:val="none" w:sz="0" w:space="0" w:color="auto"/></w:divBdr></w:div><w:div w:id="1325552977"><w:bodyDiv w:val="1"/><w:marLeft w:val="0"/><w:marRight w:val="0"/><w:marTop w:val="0"/><w:marBottom w:val="0"/><w:divBdr><w:top w:val="none" w:sz="0" w:space="0" w:color="auto"/><w:left w:val="none" w:sz="0" w:space="0" w:color="auto"/><w:bottom w:val="none" w:sz="0" w:space="0" w:color="auto"/><w:right w:val="none" w:sz="0" w:space="0" w:color="auto"/></w:divBdr></w:div><w:div w:id="1352025790"><w:bodyDiv w:val="1"/><w:marLeft w:val="0"/><w:marRight w:val="0"/><w:marTop w:val="0"/><w:marBottom w:val="0"/><w:divBdr><w:top w:val="none" w:sz="0" w:space="0" w:color="auto"/><w:left w:val="none" w:sz="0" w:space="0" w:color="auto"/><w:bottom w:val="none" w:sz="0" w:space="0" w:color="auto"/><w:right w:val="none" w:sz="0" w:space="0" w:color="auto"/></w:divBdr></w:div><w:div w:id="1376810880"><w:bodyDiv w:val="1"/><w:marLeft w:val="0"/><w:marRight w:val="0"/><w:marTop w:val="0"/><w:marBottom w:val="0"/><w:divBdr><w:top w:val="none" w:sz="0" w:space="0" w:color="auto"/><w:left w:val="none" w:sz="0" w:space="0" w:color="auto"/><w:bottom w:val="none" w:sz="0" w:space="0" w:color="auto"/><w:right w:val="none" w:sz="0" w:space="0" w:color="auto"/></w:divBdr></w:div><w:div w:id="1420058276"><w:bodyDiv w:val="1"/><w:marLeft w:val="0"/><w:marRight w:val="0"/><w:marTop w:val="0"/><w:marBottom w:val="0"/><w:divBdr><w:top w:val="none" w:sz="0" w:space="0" w:color="auto"/><w:left w:val="none" w:sz="0" w:space="0" w:color="auto"/><w:bottom w:val="none" w:sz="0" w:space="0" w:color="auto"/><w:right w:val="none" w:sz="0" w:space="0" w:color="auto"/></w:divBdr></w:div><w:div w:id="1422529464"><w:bodyDiv w:val="1"/><w:marLeft w:val="0"/><w:marRight w:val="0"/><w:marTop w:val="0"/><w:marBottom w:val="0"/><w:divBdr><w:top w:val="none" w:sz="0" w:space="0" w:color="auto"/><w:left w:val="none" w:sz="0" w:space="0" w:color="auto"/><w:bottom w:val="none" w:sz="0" w:space="0" w:color="auto"/><w:right w:val="none" w:sz="0" w:space="0" w:color="auto"/></w:divBdr></w:div><w:div w:id="1482425137"><w:bodyDiv w:val="1"/><w:marLeft w:val="0"/><w:marRight w:val="0"/><w:marTop w:val="0"/><w:marBottom w:val="0"/><w:divBdr><w:top w:val="none" w:sz="0" w:space="0" w:color="auto"/><w:left w:val="none" w:sz="0" w:space="0" w:color="auto"/><w:bottom w:val="none" w:sz="0" w:space="0" w:color="auto"/><w:right w:val="none" w:sz="0" w:space="0" w:color="auto"/></w:divBdr></w:div><w:div w:id="1483083276"><w:bodyDiv w:val="1"/><w:marLeft w:val="0"/><w:marRight w:val="0"/><w:marTop w:val="0"/><w:marBottom w:val="0"/><w:divBdr><w:top w:val="none" w:sz="0" w:space="0" w:color="auto"/><w:left w:val="none" w:sz="0" w:space="0" w:color="auto"/><w:bottom w:val="none" w:sz="0" w:space="0" w:color="auto"/><w:right w:val="none" w:sz="0" w:space="0" w:color="auto"/></w:divBdr></w:div><w:div w:id="1536232560"><w:bodyDiv w:val="1"/><w:marLeft w:val="0"/><w:marRight w:val="0"/><w:marTop w:val="0"/><w:marBottom w:val="0"/><w:divBdr><w:top w:val="none" w:sz="0" w:space="0" w:color="auto"/><w:left w:val="none" w:sz="0" w:space="0" w:color="auto"/><w:bottom w:val="none" w:sz="0" w:space="0" w:color="auto"/><w:right w:val="none" w:sz="0" w:space="0" w:color="auto"/></w:divBdr></w:div><w:div w:id="1553229644"><w:bodyDiv w:val="1"/><w:marLeft w:val="0"/><w:marRight w:val="0"/><w:marTop w:val="0"/><w:marBottom w:val="0"/><w:divBdr><w:top w:val="none" w:sz="0" w:space="0" w:color="auto"/><w:left w:val="none" w:sz="0" w:space="0" w:color="auto"/><w:bottom w:val="none" w:sz="0" w:space="0" w:color="auto"/><w:right w:val="none" w:sz="0" w:space="0" w:color="auto"/></w:divBdr></w:div><w:div w:id="1561331184"><w:bodyDiv w:val="1"/><w:marLeft w:val="0"/><w:marRight w:val="0"/><w:marTop w:val="0"/><w:marBottom w:val="0"/><w:divBdr><w:top w:val="none" w:sz="0" w:space="0" w:color="auto"/><w:left w:val="none" w:sz="0" w:space="0" w:color="auto"/><w:bottom w:val="none" w:sz="0" w:space="0" w:color="auto"/><w:right w:val="none" w:sz="0" w:space="0" w:color="auto"/></w:divBdr></w:div><w:div w:id="1579242441"><w:bodyDiv w:val="1"/><w:marLeft w:val="0"/><w:marRight w:val="0"/><w:marTop w:val="0"/><w:marBottom w:val="0"/><w:divBdr><w:top w:val="none" w:sz="0" w:space="0" w:color="auto"/><w:left w:val="none" w:sz="0" w:space="0" w:color="auto"/><w:bottom w:val="none" w:sz="0" w:space="0" w:color="auto"/><w:right w:val="none" w:sz="0" w:space="0" w:color="auto"/></w:divBdr></w:div><w:div w:id="1615675360"><w:bodyDiv w:val="1"/><w:marLeft w:val="0"/><w:marRight w:val="0"/><w:marTop w:val="0"/><w:marBottom w:val="0"/><w:divBdr><w:top w:val="none" w:sz="0" w:space="0" w:color="auto"/><w:left w:val="none" w:sz="0" w:space="0" w:color="auto"/><w:bottom w:val="none" w:sz="0" w:space="0" w:color="auto"/><w:right w:val="none" w:sz="0" w:space="0" w:color="auto"/></w:divBdr></w:div><w:div w:id="1637225561"><w:bodyDiv w:val="1"/><w:marLeft w:val="0"/><w:marRight w:val="0"/><w:marTop w:val="0"/><w:marBottom w:val="0"/><w:divBdr><w:top w:val="none" w:sz="0" w:space="0" w:color="auto"/><w:left w:val="none" w:sz="0" w:space="0" w:color="auto"/><w:bottom w:val="none" w:sz="0" w:space="0" w:color="auto"/><w:right w:val="none" w:sz="0" w:space="0" w:color="auto"/></w:divBdr></w:div><w:div w:id="1813138372"><w:bodyDiv w:val="1"/><w:marLeft w:val="0"/><w:marRight w:val="0"/><w:marTop w:val="0"/><w:marBottom w:val="0"/><w:divBdr><w:top w:val="none" w:sz="0" w:space="0" w:color="auto"/><w:left w:val="none" w:sz="0" w:space="0" w:color="auto"/><w:bottom w:val="none" w:sz="0" w:space="0" w:color="auto"/><w:right w:val="none" w:sz="0" w:space="0" w:color="auto"/></w:divBdr></w:div><w:div w:id="1842966788"><w:bodyDiv w:val="1"/><w:marLeft w:val="0"/><w:marRight w:val="0"/><w:marTop w:val="0"/><w:marBottom w:val="0"/><w:divBdr><w:top w:val="none" w:sz="0" w:space="0" w:color="auto"/><w:left w:val="none" w:sz="0" w:space="0" w:color="auto"/><w:bottom w:val="none" w:sz="0" w:space="0" w:color="auto"/><w:right w:val="none" w:sz="0" w:space="0" w:color="auto"/></w:divBdr></w:div><w:div w:id="1856266717"><w:bodyDiv w:val="1"/><w:marLeft w:val="0"/><w:marRight w:val="0"/><w:marTop w:val="0"/><w:marBottom w:val="0"/><w:divBdr><w:top w:val="none" w:sz="0" w:space="0" w:color="auto"/><w:left w:val="none" w:sz="0" w:space="0" w:color="auto"/><w:bottom w:val="none" w:sz="0" w:space="0" w:color="auto"/><w:right w:val="none" w:sz="0" w:space="0" w:color="auto"/></w:divBdr></w:div><w:div w:id="1866558890"><w:bodyDiv w:val="1"/><w:marLeft w:val="0"/><w:marRight w:val="0"/><w:marTop w:val="0"/><w:marBottom w:val="0"/><w:divBdr><w:top w:val="none" w:sz="0" w:space="0" w:color="auto"/><w:left w:val="none" w:sz="0" w:space="0" w:color="auto"/><w:bottom w:val="none" w:sz="0" w:space="0" w:color="auto"/><w:right w:val="none" w:sz="0" w:space="0" w:color="auto"/></w:divBdr></w:div><w:div w:id="1873565353"><w:bodyDiv w:val="1"/><w:marLeft w:val="0"/><w:marRight w:val="0"/><w:marTop w:val="0"/><w:marBottom w:val="0"/><w:divBdr><w:top w:val="none" w:sz="0" w:space="0" w:color="auto"/><w:left w:val="none" w:sz="0" w:space="0" w:color="auto"/><w:bottom w:val="none" w:sz="0" w:space="0" w:color="auto"/><w:right w:val="none" w:sz="0" w:space="0" w:color="auto"/></w:divBdr></w:div><w:div w:id="1913275723"><w:bodyDiv w:val="1"/><w:marLeft w:val="0"/><w:marRight w:val="0"/><w:marTop w:val="0"/><w:marBottom w:val="0"/><w:divBdr><w:top w:val="none" w:sz="0" w:space="0" w:color="auto"/><w:left w:val="none" w:sz="0" w:space="0" w:color="auto"/><w:bottom w:val="none" w:sz="0" w:space="0" w:color="auto"/><w:right w:val="none" w:sz="0" w:space="0" w:color="auto"/></w:divBdr></w:div><w:div w:id="1927496561"><w:bodyDiv w:val="1"/><w:marLeft w:val="0"/><w:marRight w:val="0"/><w:marTop w:val="0"/><w:marBottom w:val="0"/><w:divBdr><w:top w:val="none" w:sz="0" w:space="0" w:color="auto"/><w:left w:val="none" w:sz="0" w:space="0" w:color="auto"/><w:bottom w:val="none" w:sz="0" w:space="0" w:color="auto"/><w:right w:val="none" w:sz="0" w:space="0" w:color="auto"/></w:divBdr></w:div><w:div w:id="2000964431"><w:bodyDiv w:val="1"/><w:marLeft w:val="0"/><w:marRight w:val="0"/><w:marTop w:val="0"/><w:marBottom w:val="0"/><w:divBdr><w:top w:val="none" w:sz="0" w:space="0" w:color="auto"/><w:left w:val="none" w:sz="0" w:space="0" w:color="auto"/><w:bottom w:val="none" w:sz="0" w:space="0" w:color="auto"/><w:right w:val="none" w:sz="0" w:space="0" w:color="auto"/></w:divBdr></w:div><w:div w:id="2101020766"><w:bodyDiv w:val="1"/><w:marLeft w:val="0"/><w:marRight w:val="0"/><w:marTop w:val="0"/><w:marBottom w:val="0"/><w:divBdr><w:top w:val="none" w:sz="0" w:space="0" w:color="auto"/><w:left w:val="none" w:sz="0" w:space="0" w:color="auto"/><w:bottom w:val="none" w:sz="0" w:space="0" w:color="auto"/><w:right w:val="none" w:sz="0" w:space="0" w:color="auto"/></w:divBdr></w:div><w:div w:id="2137212601"><w:bodyDiv w:val="1"/><w:marLeft w:val="0"/><w:marRight w:val="0"/><w:marTop w:val="0"/><w:marBottom w:val="0"/><w:divBdr><w:top w:val="none" w:sz="0" w:space="0" w:color="auto"/><w:left w:val="none" w:sz="0" w:space="0" w:color="auto"/><w:bottom w:val="none" w:sz="0" w:space="0" w:color="auto"/><w:right w:val="none" w:sz="0" w:space="0" w:color="auto"/></w:divBdr></w:div></w:divs></w:webSettings>