<?xml version="1.0" encoding="UTF-8" standalone="yes"?>
<Properties xmlns="http://schemas.openxmlformats.org/officeDocument/2006/custom-properties" xmlns:vt="http://schemas.openxmlformats.org/officeDocument/2006/docPropsVTypes"><property fmtid="{D5CDD505-2E9C-101B-9397-08002B2CF9AE}" pid="2" name="Info 1"><vt:lpwstr></vt:lpwstr></property><property fmtid="{D5CDD505-2E9C-101B-9397-08002B2CF9AE}" pid="3" name="Info 2"><vt:lpwstr></vt:lpwstr></property><property fmtid="{D5CDD505-2E9C-101B-9397-08002B2CF9AE}" pid="4" name="Info 3"><vt:lpwstr></vt:lpwstr></property><property fmtid="{D5CDD505-2E9C-101B-9397-08002B2CF9AE}" pid="5" name="Info 4"><vt:lpwstr></vt:lpwstr></property></Properties>